country,iso3,region,income_level,gdp_per_capita_usd,log10_gdp_per_capita,life_expectancy_years,population,population_millions,urban_pop_pct,fertility_rate,health_exp_per_capita_usd,co2_per_capita_t
Afghanistan,AFG,"Middle East, North Africa, Afghanistan & Pakistan",Low income,357.261152798144,2.5529857952603163,65.617,40578842,40.579,25.3939250580909,4.932,80.6516037,0.278420956418618
Albania,ALB,Europe & Central Asia,Upper middle income,7756.96188744253,3.8896916576148617,78.769,2451636,2.452,57.8643477747383,1.355,506.86920166,1.84525761573088
Algeria,DZA,"Middle East, North Africa, Afghanistan & Pakistan",Upper middle income,4960.30334332888,3.695508236229217,76.129,45477389,45.477,74.1795862354514,2.817,180.33454895,4.16005852930563
American Samoa,ASM,East Asia & Pacific,High income,18017.4589383973,4.255693540979972,72.752,48342,0.048,81.794797704649,2.305,,0.00206859459683091
Andorra,AND,Europe & Central Asia,High income,42414.0590111349,4.62750983628393,84.016,79705,0.08,88.7548766267286,1.071,3190.11328125,
Angola,AGO,Sub-Saharan Africa,Lower middle income,3598.53669077341,3.556125935123885,64.246,35635029,35.635,69.0506188977513,5.209,103.94506073,0.748810952279567
Antigua and Barbuda,ATG,Latin America & Caribbean,High income,20003.3909394099,4.301103622736243,77.483,92840,0.093,24.5114484000414,1.58,891.00323486,3.69452822059457
Argentina,ARG,Latin America & Caribbean,Upper middle income,13962.1894087223,4.144953525276516,75.806,45407904,45.408,92.112838186126,1.482,1415.79577637,4.2953116708492
Armenia,ARM,Europe & Central Asia,Upper middle income,6571.97445545099,3.817695866710949,74.7658536585366,2969200,2.969,65.5624462874485,1.7,674.78619385,2.61828101845615
Aruba,ABW,Latin America & Caribbean,High income,31000.5713798732,4.491369698506503,76.226,107310,0.107,61.8811657924257,1.615,,4.99021526418787
Australia,AUS,East Asia & Pacific,High income,65169.5191118657,4.8140445163334284,83.2,26018721,26.019,87.3343268253813,1.63,6723.98242188,14.530502863688
Austria,AUT,Europe & Central Asia,High income,52336.7725223758,4.718806937277101,81.2951219512195,9041851,9.042,68.998085127906,1.41,5897.97607422,6.92858132698714
Azerbaijan,AZE,Europe & Central Asia,Upper middle income,7770.594223351,3.8904542309057764,74.125,10141756,10.142,58.4382815854684,1.67,261.44659424,3.91289240245969
"Bahamas, The",BHS,Latin America & Caribbean,High income,34957.1613279737,4.543536158812173,74.491,397538,0.398,81.3200717047725,1.379,2327.20117188,3.53551107063979
Bahrain,BHR,"Middle East, North Africa, Afghanistan & Pakistan",High income,30470.5219276023,4.483879893288519,80.992,1524693,1.525,100,1.839,1178.80664063,25.4678810750754
Bangladesh,BGD,South Asia,Lower middle income,2716.48592780431,3.434007459602478,74.265,169384897,169.385,31.673734726234,2.179,56.62142181,0.713556533909868
Barbados,BRB,Latin America & Caribbean,High income,24393.2193483944,4.387269121059008,75.676,282318,0.282,59.3538514107686,1.712,1302.0592041,2.4401561359885
Belarus,BLR,Europe & Central Asia,Upper middle income,7994.64806074889,3.902799350053618,74.1033658536585,9228071,9.228,78.4732787892908,1.326,529.01873779,6.05700801391753
Belgium,BEL,Europe & Central Asia,High income,50639.0264882739,4.704485347980178,81.7487804878049,11680210,11.68,87.489200269855,1.53,5487.59277344,7.6776616173853
Belize,BLZ,Latin America & Caribbean,Upper middle income,7068.21728043145,3.8493098914631925,72.19,402733,0.403,42.1373251262137,1.949,298.01553345,0.88023578897185
Benin,BEN,Sub-Saharan Africa,Lower middle income,1266.42711031904,3.1025801988662542,60.475,13759501,13.76,50.9627000010887,4.634,37.76291275,0.513056396449261
Bermuda,BMU,North America,High income,119969.173269085,5.079069666055722,82.062,64749,0.065,100,1.397,,3.97689539606789
Bhutan,BTN,South Asia,Lower middle income,3711.32767981591,3.5695293006848954,72.754,780914,0.781,40.9365143617581,1.478,138.00679016,1.94285158160822
Bolivia,BOL,Latin America & Caribbean,Lower middle income,4219.46113742445,3.6252569912493597,67.434,12077154,12.077,70.6352598708131,2.584,260.88070679,1.93607699297368
Bosnia and Herzegovina,BIH,Europe & Central Asia,Upper middle income,7655.59421024383,3.8839789053170515,76.777,3204802,3.205,51.0215287060993,1.481,667.29681396,6.98907452004835
Botswana,BWA,Sub-Saharan Africa,Upper middle income,8328.7090572666,3.9205776913523573,68.749,2439892,2.44,66.5889787170477,2.785,477.77633667,2.80246010889007
Brazil,BRA,Latin America & Caribbean,Upper middle income,9281.33334441234,3.9676103708875,74.872,210306415,210.306,87.349556243881,1.629,871.27526855,2.27889577215227
Brunei Darussalam,BRN,East Asia & Pacific,High income,36632.9280952155,4.56387163350951,72.917,455370,0.455,74.7772642014221,1.764,648.55499268,20.9436282583394
Bulgaria,BGR,Europe & Central Asia,High income,13999.9113358453,4.146125285215733,74.1609756097561,6465097,6.465,73.4799164005224,1.78,1066.69189453,7.64769654654833
Burkina Faso,BFA,Sub-Saharan Africa,Low income,827.330843486661,2.91767921543866,60.7,22509038,22.509,27.2791369742712,4.275,64.38339996,0.288261986140856
Burundi,BDI,Sub-Saharan Africa,Low income,301.832255755105,2.479765649448536,62.882,13321097,13.321,22.3202446002597,4.98,25.52155113,0.0698215770067585
Cabo Verde,CPV,Sub-Saharan Africa,Upper middle income,4323.31362032709,3.635816741117073,75.907,519741,0.52,75.033738060849,1.533,297.08233643,1.3085363671521
Cambodia,KHM,East Asia & Pacific,Lower middle income,2325.03050040841,3.3664286544613207,70.528,17201724,17.202,40.374616187368,2.616,103.89541626,1.06878240808886
Cameroon,CMR,Sub-Saharan Africa,Lower middle income,1604.87726954895,3.205441826027083,62.443,27632771,27.633,54.8458745688318,4.397,72.12950897,0.377591519866032
Canada,CAN,North America,High income,56496.9275340663,4.752024830274602,81.0948780487805,38950132,38.95,82.350089735396807,1.34,6252.34033203,14.7839088196158
Cayman Islands,CYM,Latin America & Caribbean,High income,92937.8838323153,4.968192779500593,79.984,71591,0.072,100,1.541,,5.00342221787655
Central African Republic,CAF,Sub-Saharan Africa,Low income,467.359825026238,2.669651377035,18.818,5098039,5.098,43.2751967457285,6.023,47.91523361,0.0632596180609838
Chad,TCD,Sub-Saharan Africa,Low income,966.036468278568,2.9849935215223233,54.528,18455316,18.455,25.7635558629694,6.215,40.17007446,0.155239823582539
Channel Islands,CHI,Europe & Central Asia,High income,67627.1417347907,4.8301210323308545,81,167215,0.167,32.7920439098264,1.37,,
Chile,CHL,Latin America & Caribbean,High income,15399.1044717559,4.187495465363515,79.176,19553036,19.553,88.6395352768685,1.255,1541.37927246,4.62474983424569
China,CHN,East Asia & Pacific,Upper middle income,12970.6056414327,4.112960255235301,78.202,1412175000,1412.175,65.2176361083984,1.034,755.43597412,8.86482511020235
Colombia,COL,Latin America & Caribbean,Upper middle income,6680.44506854481,3.824805397262098,76.508,51737944,51.738,78.0464633137335,1.663,507.07064819,1.70753982802254
Comoros,COM,Sub-Saharan Africa,Lower middle income,1533.87755393614,3.1857906922255204,66.481,834188,0.834,32.7746035528748,3.935,124.14363861,0.515231578493098
"Congo, Dem. Rep.",COD,Sub-Saharan Africa,Low income,687.738587554685,2.8374233923686663,60.979,102396968,102.397,44.003287663813,6.106,24.3800106,0.0610125487309351
"Congo, Rep.",COG,Sub-Saharan Africa,Lower middle income,2620.83804267402,3.418440184110961,65,6035104,6.035,63.6422003342807,4.215,53.11892319,1.38493056623382
Costa Rica,CRI,Latin America & Caribbean,High income,13971.7649991294,4.145251272324924,79.316,5081765,5.082,78.4405687613972,1.335,978.84155273,1.61315999460817
Cote d'Ivoire,CIV,Sub-Saharan Africa,Lower middle income,2333.37128301259,3.3679838486669937,61.562,30395002,30.395,52.8492549676673,4.349,84.89915466,0.605701555801839
Croatia,HRV,Europe & Central Asia,High income,18465.531473659,4.266361812000844,77.5756097560976,3855641,3.856,56.9977571733605,1.53,1328.80371094,4.57371420212618
Curacao,CUW,Latin America & Caribbean,High income,20057.1404960105,4.302269016654261,76.729,153321,0.153,91.4007684350799,1.4,,
Cyprus,CYP,Europe & Central Asia,High income,33231.05078125,4.521544074088928,80.434,1331370,1.331,66.6694829407584,1.393,2748.6159668,5.425313774533
Czechia,CZE,Europe & Central Asia,High income,28282.2236715857,4.451513552590681,78.9292682926829,10672118,10.672,72.6967638379524,1.64,2431.08496094,9.15364691432385
Denmark,DNK,Europe & Central Asia,High income,67781.0940939514,4.831108574757052,81.3048780487805,5903037,5.903,88.3880239837703,1.55,6451.19433594,4.8270407249692
Djibouti,DJI,"Middle East, North Africa, Afghanistan & Pakistan",Lower middle income,3133.25779772463,3.4959961291693555,65.54,1137096,1.137,72.6109938538856,2.653,79.13184357,0.762292717589368
Dominica,DMA,Latin America & Caribbean,Upper middle income,9323.66089490562,3.9695864696802206,71.081,66826,0.067,72.682648635692,1.482,542.53948975,1.21509592074941
Dominican Republic,DOM,Latin America & Caribbean,Upper middle income,10104.2464008585,4.004503928326016,74.211,11230734,11.231,72.4203155643711,2.267,469.34915161,2.85936787390744
Ecuador,ECU,Latin America & Caribbean,Upper middle income,6515.58528418336,3.8139534337514887,76.577,17823897,17.824,63.0901835932266,1.861,495.30380249,2.47809443692364
"Egypt, Arab Rep.",EGY,"Middle East, North Africa, Afghanistan & Pakistan",Lower middle income,4233.30783744856,3.6266798506247797,71.01,112618250,112.618,42.6325129008032,2.75,171.67852783,2.29974804261299
El Salvador,SLV,Latin America & Caribbean,Upper middle income,5074.60050994225,3.7054018587711437,71.969,6280319,6.28,74.1465021298679,1.785,500.20321655,1.34798885215862
Equatorial Guinea,GNQ,Sub-Saharan Africa,Upper middle income,7589.29964909381,3.8802017004583784,63.355,1803545,1.804,70.8910029445467,4.17,215.32841492,2.82155421683407
Estonia,EST,Europe & Central Asia,High income,28340.3826549406,4.452405709842537,77.8439024390244,1348840,1.349,70.4892333736738,1.41,1998.74523926,11.1341597224282
Eswatini,SWZ,Sub-Saharan Africa,Lower middle income,3894.1620089869,3.590414015531579,63.028,1218917,1.219,25.396682918542002,2.801,284.75802612,0.883161035575023
Ethiopia,ETH,Sub-Saharan Africa,Low income,982.103161502198,2.992157109088385,66.897,125384287,125.384,22.7367687225342,4.082,27.06845474,0.146229646781817
Faroe Islands,FRO,Europe & Central Asia,High income,67069.3987440509,4.8265244130454175,82.8162292682927,53903,0.054,38.9959824546757,2.0788,,0.0389588705637905
Fiji,FJI,East Asia & Pacific,Upper middle income,5414.12092119088,3.733527951253381,67.148,919422,0.919,58.1352701465266,2.305,217.15068054,1.56000182723494
Finland,FIN,Europe & Central Asia,High income,50440.560224974,4.702779901478833,81.1878048780488,5556106,5.556,73.6967597835949,1.32,4902.0390625,6.68162198489374
France,FRA,Europe & Central Asia,High income,40988.6396406579,4.6126635048898255,82.1292682926829,68184457,68.184,78.7591921123356,1.78,4857.73388672,4.51246828877731
French Polynesia,PYF,East Asia & Pacific,High income,20053.9569369322,4.302200078019723,83.859,280378,0.28,61.6913806937112,1.515,,3.30197091069913
Gabon,GAB,Sub-Saharan Africa,Upper middle income,8409.20741452279,3.924755064558888,67.713,2430747,2.431,91.2243355459988,3.712,243.09941101,2.29694822208975
"Gambia, The",GMB,Sub-Saharan Africa,Low income,836.244875868476,2.9223334696232777,64.859,2636470,2.636,63.2869880996278,4.078,29.57811737,0.187713116401856
Georgia,GEO,Europe & Central Asia,Upper middle income,6729.84659930283,3.82800516499135,74.141,3712502,3.713,60.0101622679115,1.82,546.22503662,3.62639535278365
Germany,DEU,Europe & Central Asia,High income,50506.5179638543,4.703347428278516,80.6080487804878,83177813,83.178,81.7867852780995,1.455,6226.14208984,7.91182860265874
Ghana,GHA,Sub-Saharan Africa,Lower middle income,2229.89122654479,3.348283678804427,65.246,33149152,33.149,57.250609602871,3.434,82.32108307,0.717599050497581
Greece,GRC,Europe & Central Asia,High income,20884.6773436263,4.319827770050501,80.7878048780488,10437805,10.438,78.5502190980809,1.32,1768.11071777,5.28045887042343
Greenland,GRL,Europe & Central Asia,High income,55635.0006491223,4.74534809745143,71.230243902439,56661,0.057,87.8049405256832,1.818,,10.4198655159634
Grenada,GRD,Latin America & Caribbean,Upper middle income,10469.3867012856,4.019921241368551,75.151,116913,0.117,36.3688840183487,1.502,526.35113525,1.44894066528102
Guam,GUM,East Asia & Pacific,High income,41833.1517132825,4.621520585597224,77.102,165180,0.165,94.1068261842046,2.819,,0.00181620050853614
Guatemala,GTM,Latin America & Caribbean,Upper middle income,5356.92435887895,3.728915514068696,71.206,17847877,17.848,55.2581228215265,2.343,384.06158447,1.06185178214753
Guinea,GIN,Sub-Saharan Africa,Lower middle income,1416.59612011764,3.1512460479848845,60.432,14055137,14.055,37.2384967469106,4.303,53.2922287,0.371451377528373
Guinea-Bissau,GNB,Sub-Saharan Africa,Low income,881.602654162231,2.9452728890012168,63.605,2105529,2.106,45.1627159118652,3.911,68.01049042,0.163331875267451
Guyana,GUY,Latin America & Caribbean,High income,17913.4928066879,4.253180273664589,69.888,821637,0.822,26.4536735068183,2.437,452.23754883,4.48373186699236
Haiti,HTI,Latin America & Caribbean,Lower middle income,1748.40890116803,3.2426430088209997,63.948,11503606,11.504,53.8524949966907,2.699,52.28417587,0.294629353613119
Honduras,HND,Latin America & Caribbean,Lower middle income,3003.28996826399,3.4775972654448752,72.715,10463872,10.464,57.8364689017254,2.522,244.90408325,1.01020922274279
"Hong Kong SAR, China",HKG,East Asia & Pacific,High income,48825.0272275805,4.688642494146982,83.6609756097561,7346100,7.346,100,0.701,,4.37404881501749
Hungary,HUN,Europe & Central Asia,High income,18428.028825614,4.265478882916181,75.8682926829268,9605074,9.605,70.1585064243445,1.57,1228.00231934,4.95293425120931
Iceland,ISL,Europe & Central Asia,High income,76376.9599334915,4.882962367962609,82.119512195122,382003,0.382,94.1787071228028,1.589,6851.62939453,8.48003811488391
India,IND,South Asia,Lower middle income,2279.98145719369,3.357931314951679,71.698,1425423212,1425.423,34.7555673994206,1.994,81.50888824,1.96929618962877
Indonesia,IDN,East Asia & Pacific,Upper middle income,4730.83484836107,3.674937787258587,70.925,278830529,278.831,57.4934704226599,2.149,127.44384766,2.5918955237502
"Iran, Islamic Rep.",IRN,"Middle East, North Africa, Afghanistan & Pakistan",Upper middle income,4721.20437099984,3.6740528005321673,76.799,89524246,89.524,76.3342208862305,1.704,250.23272705,8.84742330027555
Iraq,IRQ,"Middle East, North Africa, Afghanistan & Pakistan",Upper middle income,6520.73154560584,3.8142963209463145,72.037,44070551,44.071,69.8682861328125,3.294,283.17074585,5.04369459778254
Ireland,IRL,Europe & Central Asia,High income,105190.685952731,5.021977287171231,82.509756097561,5212836,5.213,63.8920250215059,1.51,6407.92333984,6.84581291258731
Isle of Man,IMN,Europe & Central Asia,High income,88328.548125887,4.946101091909816,80.956,84132,0.084,52.1955609162662,1.556,,
Israel,ISR,"Middle East, North Africa, Afghanistan & Pakistan",High income,54947.2091250715,4.739945638663748,82.7,9557500,9.557,91.4979834273327,2.89,4107.72998047,6.65826837562124
Italy,ITA,Europe & Central Asia,High income,35653.9042103495,4.552107093351199,82.7,59013667,59.014,69.4839779766539,1.24,3154.57104492,5.60897190137329
Jamaica,JAM,Latin America & Caribbean,Upper middle income,6626.47502388538,3.8212825653910394,71.481,2839144,2.839,57.9879906034775,1.372,521.12023926,2.64695978787973
Japan,JPN,East Asia & Pacific,High income,35548.2645222433,4.5508184031864305,83.9963414634146,125124989,125.125,91.9776532428406,1.26,4201.79248047,8.3956307081074
Jordan,JOR,"Middle East, North Africa, Afghanistan & Pakistan",Upper middle income,4754.41362207378,3.6770969615676274,77.088,11256263,11.256,92.4048379066163,2.679,334.387146,2.07333464045749
Kazakhstan,KAZ,Europe & Central Asia,Upper middle income,11255.3396437881,4.051358604907164,73.503,20034609,20.035,61.444157327248,3.05,421.60028076,12.305086662784401
Kenya,KEN,Sub-Saharan Africa,Lower middle income,2109.56288513137,3.324192476036214,63.549,54252461,54.252,31.4307820066946,3.262,91.18416595,0.405006512054817
Kiribati,KIR,East Asia & Pacific,Lower middle income,2078.7648751855,3.317805369954751,66.269,130469,0.13,60.5739126559419,3.182,217.68276978,0.580980922671286
"Korea, Rep.",KOR,East Asia & Pacific,High income,34822.4048404971,4.541858760259009,82.6804878048781,51672569,51.673,81.1624941626873,0.778,3078.55151367,11.8737409785064
Kosovo,XKX,Europe & Central Asia,Upper middle income,5298.1473871027,3.7241240355986363,77.623,1768096,1.768,47.8001996538455,1.555,,
Kuwait,KWT,"Middle East, North Africa, Afghanistan & Pakistan",High income,39981.7691035833,4.601862006763735,80.5878048780488,4589643,4.59,100,1.546,1683.39929199,22.3585581710822
Kyrgyz Republic,KGZ,Europe & Central Asia,Lower middle income,1739.72018344174,3.2404794019840164,72.0487804878049,6975220,6.975,34.7003053497743,2.8,88.07954407,1.5054865652983
Lao PDR,LAO,East Asia & Pacific,Lower middle income,2046.40440255621,3.3109914614601315,68.715,7559007,7.559,38.0682382805397,2.455,41.34779739,3.17918742501495
Latvia,LVA,Europe & Central Asia,High income,20221.103686109,4.305804856087112,74.2780487804878,1879383,1.879,68.2570218109034,1.47,1642.47131348,3.68567769315781
Lebanon,LBN,"Middle East, North Africa, Afghanistan & Pakistan",Lower middle income,3654.35845534878,3.562811144971817,78.003,5744489,5.744,90.206313713022,2.263,230.39093018,1.81652362812428
Lesotho,LSO,Sub-Saharan Africa,Lower middle income,1030.12582947757,3.0128902768508765,56.812,2286110,2.286,41.6703965165322,2.716,133.32562256,0.42915695220265
Liberia,LBR,Sub-Saharan Africa,Low income,744.617175237387,2.8719330493747135,61.934,5373294,5.373,54.4591057083,4.016,100.49607086,0.161651307373094
Libya,LBY,"Middle East, North Africa, Afghanistan & Pakistan",Upper middle income,5986.63694851258,3.7771829217437447,74.462,7223805,7.224,87.8486088593786,2.402,284.0262146,8.05301361263212
Liechtenstein,LIE,Europe & Central Asia,High income,188055.003235348,5.274284892390686,84.1219512195122,39493,0.039,14.6923070071538,1.47,10591.59277344,
Lithuania,LTU,Europe & Central Asia,High income,24946.5724005188,4.397010883033542,75.6439024390244,2831639,2.832,68.2866452426813,1.27,1831.27734375,4.65112254775415
Luxembourg,LUX,Europe & Central Asia,High income,123719.658915996,5.0924387140218546,82.9463414634147,653103,0.653,94.7605400940185,1.31,7022.62695313,11.1248914795982
"Macao SAR, China",MAC,East Asia & Pacific,High income,36806.891255461,4.565929138076574,83.0804878048781,677300,0.677,100,0.68,,2.47822235346228
Madagascar,MDG,Sub-Saharan Africa,Low income,504.059106969168,2.7024814656626788,63.068,30437261,30.437,31.5397813465886,4.036,15.85809231,0.144033985186775
Malawi,MWI,Sub-Saharan Africa,Low income,604.269740360317,2.7812308468985063,66.037,20568728,20.569,16.7146031979436,3.72,40.03453827,0.272369783877739
Malaysia,MYS,East Asia & Pacific,Upper middle income,11754.5678336248,4.070206666559876,75.444,34695493,34.695,75.9741357073003,1.55,458.21963501,7.98329915646393
Maldives,MDV,South Asia,Upper middle income,11786.0191492983,4.071367142378325,80.76,524106,0.524,41.0641769690663,1.583,883.91467285,3.4143856395462
Mali,MLI,Sub-Saharan Africa,Low income,976.914116406452,2.9898563852026605,60.035,23072640,23.073,30.4015705681899,5.692,31.0949192,0.324748273279521
Malta,MLT,"Middle East, North Africa, Afghanistan & Pakistan",High income,35658.8318250199,4.552167111686848,82.2975609756098,531113,0.531,95.6003155132879,1.08,3362.42382813,3.3821427831742
Marshall Islands,MHL,East Asia & Pacific,Upper middle income,6455.6603538189,3.8099406731479517,66.725,40077,0.04,77.9855966195187,2.936,859.050354,0.00249519674626344
Mauritania,MRT,Sub-Saharan Africa,Lower middle income,1961.28166648869,3.292539968689461,68.281,4875637,4.876,58.8120996197226,4.77,91.54125977,1.03090119301334
Mauritius,MUS,Sub-Saharan Africa,Upper middle income,10246.5017455553,4.010575618375259,73.5146341463415,1262523,1.263,39.0000125885784,1.33,590.91522217,3.20778314533676
Mexico,MEX,Latin America & Caribbean,Upper middle income,11405.7940469896,4.057125525318218,73.973,128613117,128.613,79.199683215791,1.94,650.97070313,3.52183828963573
"Micronesia, Fed. Sts.",FSM,East Asia & Pacific,Upper middle income,3703.66680343222,3.5686319089117005,66.961,112114,0.112,22.4122701819053,2.785,468.53509521,0.00178389853185151
Moldova,MDA,Europe & Central Asia,Upper middle income,5744.29618434435,3.759236824672634,71.546,2528654,2.529,42.4048843383789,1.694,394.42373657,3.27771217414482
Monaco,MCO,Europe & Central Asia,High income,226052.060664649,5.354208470367026,85.746,38931,0.039,100,2.114,7674.09814453,
Mongolia,MNG,East Asia & Pacific,Upper middle income,4993.51487463495,3.6984063478865767,71.9007317073171,3433748,3.434,69.783805847168,2.7,448.24212646,7.26765621705495
Montenegro,MNE,Europe & Central Asia,Upper middle income,10038.1849482517,4.001655193066022,76.1878048780488,623591,0.624,65.4012965440866,1.8,1032.91149902,
Morocco,MAR,"Middle East, North Africa, Afghanistan & Pakistan",Lower middle income,3463.1376953125,3.5394697595614586,75.161,37329064,37.329,62.5118468550703,2.256,201.81098938,1.93751442575683
Mozambique,MOZ,Sub-Saharan Africa,Low income,578.273222184503,2.762133082106874,63.011,32656246,32.656,35.0536638047945,4.84,47.69813538,0.333694203552974
Myanmar,MMR,East Asia & Pacific,Lower middle income,1158.05005034332,3.063727329787093,66.506,53756787,53.757,30.311095757938,2.131,57.96875763,0.577248041256632
Namibia,NAM,Sub-Saharan Africa,Lower middle income,4349.79908493314,3.6384691975707293,64.19,2889662,2.89,49.5291037671807,3.248,418.53683472,1.23886461461583
Naoero,NRU,East Asia & Pacific,High income,15309.8345351924,4.1849704969790436,61.93,11801,0.012,100,3.379,2264.07055664,0
Nepal,NPL,South Asia,Lower middle income,1385.91066002922,3.1417352352491834,70.087,29715436,29.715,66.2992968721053,2.002,87.34230042,0.506315976652673
Netherlands,NLD,Europe & Central Asia,High income,59123.318556487,4.771758802760276,81.6146341463415,17700982,17.701,94.9856177734136,1.49,5967.90429688,7.52014775225465
New Caledonia,NCL,East Asia & Pacific,High income,33516.363085906,4.525256886526984,77.698,287123,0.287,67.5720305021282,1.998,,16.0756888162913
New Zealand,NZL,East Asia & Pacific,High income,49141.6316294227,4.691449572084861,81.9585365853658,5081700,5.082,83.8547305017812,1.67,5138.33789063,6.32162465316725
Nicaragua,NIC,Latin America & Caribbean,Lower middle income,2322.89069619459,3.3660287745198323,74.463,6730654,6.731,58.9954376220703,2.24,208.56825256,0.781677382316785
Niger,NER,Sub-Saharan Africa,Low income,613.614736429298,2.7878957809817924,60.398,25311973,25.312,17.477207007512,6.135,26.50681686,0.127125609686768
Nigeria,NGA,Sub-Saharan Africa,Lower middle income,2899.16047469267,3.4622722551427314,54.079,223150896,223.151,61.3727650622225,4.552,89.62958527,0.578271036832404
North Macedonia,MKD,Europe & Central Asia,Upper middle income,7606.2375253797,3.8811698833094628,74.4248780487805,1831712,1.832,61.9530566607267,1.6,561.69281006,4.47897922817561
Northern Mariana Islands,MNP,East Asia & Pacific,High income,23785.754590043,4.376316933729157,78.531,46078,0.046,91.8785788645608,2.388,,0.00217023308303312
Norway,NOR,Europe & Central Asia,High income,113122.130765691,5.053547576890117,82.509756097561,5457127,5.457,82.9563661816034,1.41,8692.57617188,7.9798582660803
Oman,OMN,"Middle East, North Africa, Afghanistan & Pakistan",High income,23223.5829405935,4.3659292236406495,77.911,4730226,4.73,80.0117053152301,2.449,712.06097412,19.6830764534295
Pakistan,PAK,"Middle East, North Africa, Afghanistan & Pakistan",Lower middle income,1538.3228133171,3.187047480674367,67.417,243700667,243.701,38.3740439760816,3.662,38.76602173,0.965826244537936
Palau,PLW,East Asia & Pacific,High income,13934.951996171,4.144105476972254,68.922,17759,0.018,79.1134831712956,1.927,2077.734375,78.7262796328622
Panama,PAN,Latin America & Caribbean,High income,17378.6070083597,4.240014962398732,79.324,4400773,4.401,65.8211343914956,2.139,1572.93017578,2.60024772920576
Papua New Guinea,PNG,East Asia & Pacific,Lower middle income,3102.29409730005,3.4916829665208517,65.274,10203169,10.203,14.7358658260841,3.165,81.11356354,0.541939469982316
Paraguay,PRY,Latin America & Caribbean,Upper middle income,6189.10205375331,3.7916276439493184,72.319,6760464,6.76,68.6396537819458,2.444,480.02862549,1.18410511467852
Peru,PER,Latin America & Caribbean,Upper middle income,7353.74598721667,3.8665086244102733,76.834,33475438,33.475,84.3663554951194,2.004,445.10473633,1.90408262918024
Philippines,PHL,East Asia & Pacific,Upper middle income,3548.06930572116,3.5499920944737515,69.472,113964338,113.964,54.7902343568327,1.929,182.93432617,1.33112167071071
Poland,POL,Europe & Central Asia,High income,18891.2121169279,4.276259824454637,77.1560975609756,36821749,36.822,59.8315488048321,1.29,1219.29125977,8.36357881859441
Portugal,PRT,Europe & Central Asia,High income,24620.5197587181,4.391297216993369,81.6317073170732,10434332,10.434,61.1259255772782,1.43,2600.56665039,3.8017191709062
Puerto Rico (US),PRI,Latin America & Caribbean,High income,35353.5613891039,4.548433169582114,79.427,3220148,3.22,94.1110923054937,0.914,,4.32209948114186
Qatar,QAT,"Middle East, North Africa, Afghanistan & Pakistan",High income,88701.463352273,4.947930784663462,81.857,2657333,2.657,99.243997525719,1.739,1781.50390625,45.1959539884538
Romania,ROU,Europe & Central Asia,High income,15503.4691366242,4.190428889029321,75.1536585365854,19048502,19.049,52.1634832477272,1.71,902.2677002,3.97277959180202
Russian Federation,RUS,Europe & Central Asia,High income,15625.6328125,4.193837614586464,72.5456097560976,144236933,144.237,74.8544893625017,1.416,1082.82104492,13.1413838368291
Rwanda,RWA,Sub-Saharan Africa,Low income,1007.05989322914,3.00305530027101,67.528,13651030,13.651,27.7806702737761,3.778,57.83102036,0.161247905835677
Samoa,WSM,East Asia & Pacific,Upper middle income,4132.44717734444,3.6162073109465833,71.55,215261,0.215,17.5007949951039,3.883,259.95404053,1.54417195869201
San Marino,SMR,Europe & Central Asia,High income,54264.5837022908,4.734516475613073,85.708,33755,0.034,97.1141889380465,1.136,3874.98535156,
Sao Tome and Principe,STP,Sub-Saharan Africa,Lower middle income,2389.73729784737,3.378350161882881,69.237,226305,0.226,68.3720919798341,3.695,139.02836609,0.62393672256468
Saudi Arabia,SAU,"Middle East, North Africa, Afghanistan & Pakistan",High income,38510.2276211037,4.585576085600065,77.31,32175224,32.175,84.1349430023993,2.14,1830.89074707,19.282874301046
Senegal,SEN,Sub-Saharan Africa,Lower middle income,1574.0281059306,3.1970124828779314,67.788,17651103,17.651,53.4435061024348,3.864,63.44842529,0.823959839790182
Serbia,SRB,Europe & Central Asia,Upper middle income,10024.8191112596,4.00107654491411,75.2365853658537,6664449,6.664,61.9013813540396,1.59,843.57733154,
Seychelles,SYC,Sub-Saharan Africa,High income,16682.6990711785,4.222266315899461,74.509756097561,119878,0.12,44.9108209981157,2.2,707.34448242,7.02714426333439
Sierra Leone,SLE,Sub-Saharan Africa,Low income,860.371067874555,2.934685797724614,61.275,8276807,8.277,44.2666343543487,3.876,41.31875229,0.177218098718503
Singapore,SGP,East Asia & Pacific,High income,91227.6970426492,4.960126711646723,82.8951219512195,5637022,5.637,100,1.04,3902.14428711,9.99582758413928
Sint Maarten (Dutch part),SXM,Latin America & Caribbean,High income,37793.1283815826,4.577412842767118,76.18,42139,0.042,100,1.453,,
Slovak Republic,SVK,Europe & Central Asia,High income,21317.7943982363,4.328742269293272,76.9658536585366,5431752,5.432,53.1902831072528,1.57,1642.39208984,6.11012800289851
Slovenia,SVN,Europe & Central Asia,High income,28360.3041467268,4.452710884075798,81.2829268292683,2112076,2.112,55.3377817873563,1.55,2737.84936523,6.3394025593776
Solomon Islands,SLB,East Asia & Pacific,Lower middle income,1877.78104490956,3.2736449507994747,70.409,781066,0.781,29.3511689856806,3.62,96.74864197,0.382810159448753
"Somalia, Fed. Rep.",SOM,Sub-Saharan Africa,Low income,573.141165798229,2.7582616027291738,53.931,17801897,17.802,53.5010115886789,6.255,16.31684875,0.0467871485830976
South Africa,ZAF,Sub-Saharan Africa,Upper middle income,6534.24867783397,3.8151956586603766,65.454,62378410,62.378,63.4766699210327,2.227,570.48028564,6.88263936192025
Spain,ESP,Europe & Central Asia,High income,30319.4987196616,4.4817220167131655,83.1341463414634,47786102,47.786,79.9548794567814,1.16,2948.61474609,4.99422196018416
Sri Lanka,LKA,South Asia,Upper middle income,3342.63650438046,3.524089151727198,77.3,22181000,22.181,19.9877933196367,1.984,130.09327698,0.937608764257698
St. Kitts and Nevis,KNA,Latin America & Caribbean,High income,21011.5744209816,4.3224585958008275,70.313,46709,0.047,31.6156404983167,1.512,1161.22058105,2.78533045023443
St. Lucia,LCA,Latin America & Caribbean,Upper middle income,12976.1489693474,4.113145822702021,72.67,178781,0.179,29.097678526676,1.387,622.07244873,1.65621626459187
St. Vincent and the Grenadines,VCT,Latin America & Caribbean,Upper middle income,9693.55867833025,3.9864832435764646,71.191,102046,0.102,47.585897833353,1.791,437.94085693,1.24551672775023
Sudan,SDN,Sub-Saharan Africa,Low income,1046.24084472656,3.019631670664751,65.695,49383346,49.383,34.7209852053086,4.384,25.75139618,0.434223310830335
Suriname,SUR,Latin America & Caribbean,Upper middle income,6084.43876736445,3.78422052480475,73.254,623164,0.623,65.8985443115234,2.274,344.74603271,4.59397526172885
Sweden,SWE,Europe & Central Asia,High income,54836.8907235124,4.739072822122161,83.0585365853659,10486941,10.487,88.4038576504809,1.53,6022.39257813,3.59996303974629
Switzerland,CHE,Europe & Central Asia,High income,97809.095567203,4.990379243038848,83.6048780487805,8777088,8.777,84.9206266284521,1.39,10930.13964844,3.92846693573085
Syrian Arab Republic,SYR,"Middle East, North Africa, Afghanistan & Pakistan",Low income,1056.78264718197,3.023985673365943,72.79,22462173,22.462,72.6124992370605,2.746,53.26486588,1.38747039300249
Tajikistan,TJK,Europe & Central Asia,Lower middle income,1052.17949484894,3.0220898338983866,71.562,10182222,10.182,26.1957126615618,3.127,78.61326599,0.938950260561987
Tanzania,TZA,Sub-Saharan Africa,Lower middle income,1207.52062988281,3.081894559189788,66.879,64711821,64.712,34.8234736377147,4.671,35.93323135,0.323161976851185
Thailand,THA,East Asia & Pacific,Upper middle income,6910.00995211206,3.8394786728654053,75.291,71735329,71.735,59.742374420166,1.221,369.97647095,3.963374866518
Timor-Leste,TLS,East Asia & Pacific,Lower middle income,2343.24955542816,3.3698185433020096,67.368,1369295,1.369,28.5857292288968,2.801,174.91529846,0.50726833881669
Togo,TGO,Sub-Saharan Africa,Lower middle income,1071.61539220759,3.03003894299404,62.292,8068616,8.069,42.7332327975627,4.253183,55.79545593,0.322781503048354
Tonga,TON,East Asia & Pacific,Upper middle income,5298.01942454298,3.724113546251957,72.635,105042,0.105,21.147219451842,3.171,382.79116821,1.53652824584452
Trinidad and Tobago,TTO,Latin America & Caribbean,High income,20750.5202434652,4.317028989531671,73.331,1365805,1.366,53.9474037904998,1.544,1266.28820801,20.8660094230143
Tunisia,TUN,"Middle East, North Africa, Afghanistan & Pakistan",Lower middle income,3707.29283414381,3.5690568917295624,76.05,12119334,12.119,69.707138648303,1.847,276.46380615,2.50498913554161
Turkiye,TUR,Europe & Central Asia,Upper middle income,10897.8397861365,4.037340418863713,77.591,84979913,84.98,89.0381164550781,1.63,385.87997437,5.22956172007378
Turkmenistan,TKM,Europe & Central Asia,Upper middle income,5198.18947409551,3.7158521054948195,69.913,7230193,7.23,47.0592103414926,2.728,579.15454102,14.0053384467054
Turks and Caicos Islands,TCA,Latin America & Caribbean,High income,31280.5418020808,4.495274266754056,77.918,45847,0.046,93.6922471653237,1.477,,4.8094749929112
Tuvalu,TUV,East Asia & Pacific,Upper middle income,5414.74642912412,3.7335781235632464,66.852,9992,0.01,63.3065768081154,3.244,1300.46679688,0
Uganda,UGA,Sub-Saharan Africa,Low income,963.067314117178,2.9836566434360114,67.675,47312719,47.313,29.9251969709665,4.388,44.47286224,0.168117583772769
Ukraine,UKR,Europe & Central Asia,Upper middle income,4199.6708984375,3.62321525882824,72.658,41048766,41.049,69.42345912103,0.897,,2.90739555971061
United Arab Emirates,ARE,"Middle East, North Africa, Afghanistan & Pakistan",High income,50759.7590190204,4.705519551622862,80.487,10074977,10.075,85.5147347682487,1.148,2240.9050293,19.3731459635094
United Kingdom,GBR,Europe & Central Asia,High income,47034.7795621476,4.672419112958227,81.0112195121951,67636000,67.636,83.0753982997505,1.56,5111.81738281,4.80505795730085
United States,USA,North America,High income,78008.6895811877,4.892142982523346,77.4341463414634,333996304,333.996,80.0324978239707,1.6565,12586.19628906,14.4186221294233
Uruguay,URY,Latin America & Caribbean,High income,21009.2883798725,4.3224113423665145,76.468,3390913,3.391,95.4977416992188,1.425,1850.80737305,2.38667285182486
Uzbekistan,UZB,Europe & Central Asia,Lower middle income,2698.60262953369,3.431138939204127,72.147,34938955,34.939,50.9847412109375,3.396,170.64073181,3.68952648984493
Vanuatu,VUT,East Asia & Pacific,Lower middle income,3679.53524327491,3.565792967035546,71.302,313046,0.313,22.2541249733107,3.647,136.79508972,0.865368028979767
"Venezuela, RB",VEN,Latin America & Caribbean,Lower middle income,3155.04190923584,3.499005132464141,72.566,28213017,28.213,89.2132204732836,2.088,208.66654968,3.26104790565291
Viet Nam,VNM,East Asia & Pacific,Upper middle income,4147.69777213621,3.617807103388296,74.502,99680655,99.681,37.5478515625,1.927,188.22650146,3.45101965872917
Virgin Islands (U.S.),VIR,Latin America & Caribbean,High income,44320.909185774,4.64660866079787,80.319512195122,105413,0.105,95.2171514724412,2,,0.00189729919459649
West Bank and Gaza,PSE,"Middle East, North Africa, Afghanistan & Pakistan",Lower middle income,3799.95527015163,3.579778484500848,76.662,5043612,5.044,86.5961423216016,3.375,350.63812256,
Zambia,ZMB,Sub-Saharan Africa,Lower middle income,1447.12310138035,3.1605054765068874,65.279,20152938,20.153,44.5988511178469,4.175,75.40128326,0.524548827570452
Zimbabwe,ZWE,Sub-Saharan Africa,Lower middle income,2536.40197087505,3.4042180819774006,62.36,16069056,16.069,38.7055207169041,3.767,68.90727997,0.719220842842293
