iso3,iso2,country,region,admin_region,income_level,lending_type,capital_city,longitude,latitude,NY.GDP.PCAP.CD,SP.DYN.LE00.IN,SP.POP.TOTL,SP.URB.TOTL.IN.ZS,SP.DYN.TFRT.IN,SH.XPD.CHEX.PC.CD,EN.GHG.CO2.PC.CE.AR5,data_year,extraction_date
ABW,AW,Aruba,Latin America & Caribbean ,,High income,Not classified,Oranjestad,-70.0167,12.5167,31000.5713798732,76.226,107310,61.8811657924257,1.615,,4.99021526418787,2022,2026-09-18
AFE,ZH,Africa Eastern and Southern,Aggregates,,Aggregates,Aggregates,,,,1675.90252377611,64.4871517904367,731821393,37.3605781096471,4.28707989151235,92.0352883967091,0.858131540848484,2022,2026-09-18
AFG,AF,Afghanistan,"Middle East, North Africa, Afghanistan & Pakistan","Middle East, North Africa, Afghanistan & Pakistan (excluding high income)",Low income,IDA,Kabul,69.1761,34.5228,357.261152798144,65.617,40578842,25.3939250580909,4.932,80.6516037,0.278420956418618,2022,2026-09-18
AFR,A9,Africa,Aggregates,,Aggregates,Aggregates,,,,,,,,,,,2022,2026-09-18
AFW,ZI,Africa Western and Central,Aggregates,,Aggregates,Aggregates,,,,2143.07209365676,57.9789954665232,496366058,51.7001028474527,4.56381660302177,74.4796108722856,0.52259737711558,2022,2026-09-18
AGO,AO,Angola,Sub-Saharan Africa ,Sub-Saharan Africa (excluding high income),Lower middle income,IBRD,Luanda,13.242,-8.81155,3598.53669077341,64.246,35635029,69.0506188977513,5.209,103.94506073,0.748810952279567,2022,2026-09-18
ALB,AL,Albania,Europe & Central Asia,Europe & Central Asia (excluding high income),Upper middle income,IBRD,Tirane,19.8172,41.3317,7756.96188744253,78.769,2451636,57.8643477747383,1.355,506.86920166,1.84525761573088,2022,2026-09-18
AND,AD,Andorra,Europe & Central Asia,,High income,Not classified,Andorra la Vella,1.5218,42.5075,42414.0590111349,84.016,79705,88.7548766267286,1.071,3190.11328125,,2022,2026-09-18
ARB,1A,Arab World,Aggregates,,Aggregates,Aggregates,,,,7960.81158770821,71.8760955992222,471352066,59.3339325148117,3.10776674481051,348.767262238545,4.51655911861293,2022,2026-09-18
ARE,AE,United Arab Emirates,"Middle East, North Africa, Afghanistan & Pakistan",,High income,Not classified,Abu Dhabi,54.3705,24.4764,50759.7590190204,80.487,10074977,85.5147347682487,1.148,2240.9050293,19.3731459635094,2022,2026-09-18
ARG,AR,Argentina,Latin America & Caribbean ,Latin America & Caribbean (excluding high income),Upper middle income,IBRD,Buenos Aires,-58.4173,-34.6118,13962.1894087223,75.806,45407904,92.112838186126,1.482,1415.79577637,4.2953116708492,2022,2026-09-18
ARM,AM,Armenia,Europe & Central Asia,Europe & Central Asia (excluding high income),Upper middle income,IBRD,Yerevan,44.509,40.1596,6571.97445545099,74.7658536585366,2969200,65.5624462874485,1.7,674.78619385,2.61828101845615,2022,2026-09-18
ASM,AS,American Samoa,East Asia & Pacific,,High income,Not classified,Pago Pago,-170.691,-14.2846,18017.4589383973,72.752,48342,81.794797704649,2.305,,0.00206859459683091,2022,2026-09-18
ATG,AG,Antigua and Barbuda,Latin America & Caribbean ,,High income,IBRD,Saint John's,-61.8456,17.1175,20003.3909394099,77.483,92840,24.5114484000414,1.58,891.00323486,3.69452822059457,2022,2026-09-18
AUS,AU,Australia,East Asia & Pacific,,High income,Not classified,Canberra,149.129,-35.282,65169.5191118657,83.2,26018721,87.3343268253813,1.63,6723.98242188,14.530502863688,2022,2026-09-18
AUT,AT,Austria,Europe & Central Asia,,High income,Not classified,Vienna,16.3798,48.2201,52336.7725223758,81.2951219512195,9041851,68.998085127906,1.41,5897.97607422,6.92858132698714,2022,2026-09-18
AZE,AZ,Azerbaijan,Europe & Central Asia,Europe & Central Asia (excluding high income),Upper middle income,IBRD,Baku,49.8932,40.3834,7770.594223351,74.125,10141756,58.4382815854684,1.67,261.44659424,3.91289240245969,2022,2026-09-18
BDI,BI,Burundi,Sub-Saharan Africa ,Sub-Saharan Africa (excluding high income),Low income,IDA,Bujumbura,29.3639,-3.3784,301.832255755105,62.882,13321097,22.3202446002597,4.98,25.52155113,0.0698215770067585,2022,2026-09-18
BEA,B4,East Asia & Pacific (IBRD-only countries),Aggregates,,Aggregates,Aggregates,,,,,,,,,,,2022,2026-09-18
BEC,B7,Europe & Central Asia (IBRD-only countries),Aggregates,,Aggregates,Aggregates,,,,,,,,,,,2022,2026-09-18
BEL,BE,Belgium,Europe & Central Asia,,High income,Not classified,Brussels,4.36761,50.8371,50639.0264882739,81.7487804878049,11680210,87.489200269855,1.53,5487.59277344,7.6776616173853,2022,2026-09-18
BEN,BJ,Benin,Sub-Saharan Africa ,Sub-Saharan Africa (excluding high income),Lower middle income,IDA,Porto-Novo,2.6323,6.4779,1266.42711031904,60.475,13759501,50.9627000010887,4.634,37.76291275,0.513056396449261,2022,2026-09-18
BFA,BF,Burkina Faso,Sub-Saharan Africa ,Sub-Saharan Africa (excluding high income),Low income,IDA,Ouagadougou,-1.53395,12.3605,827.330843486661,60.7,22509038,27.2791369742712,4.275,64.38339996,0.288261986140856,2022,2026-09-18
BGD,BD,Bangladesh,South Asia,South Asia,Lower middle income,IDA,Dhaka,90.4113,23.7055,2716.48592780431,74.265,169384897,31.673734726234,2.179,56.62142181,0.713556533909868,2022,2026-09-18
BGR,BG,Bulgaria,Europe & Central Asia,,High income,IBRD,Sofia,23.3238,42.7105,13999.9113358453,74.1609756097561,6465097,73.4799164005224,1.78,1066.69189453,7.64769654654833,2022,2026-09-18
BHI,B1,IBRD countries classified as high income,Aggregates,,Aggregates,Aggregates,,,,,,,,,,,2022,2026-09-18
BHR,BH,Bahrain,"Middle East, North Africa, Afghanistan & Pakistan",,High income,Not classified,Manama,50.5354,26.1921,30470.5219276023,80.992,1524693,100,1.839,1178.80664063,25.4678810750754,2022,2026-09-18
BHS,BS,"Bahamas, The",Latin America & Caribbean ,,High income,Not classified,Nassau,-77.339,25.0661,34957.1613279737,74.491,397538,81.3200717047725,1.379,2327.20117188,3.53551107063979,2022,2026-09-18
BIH,BA,Bosnia and Herzegovina,Europe & Central Asia,Europe & Central Asia (excluding high income),Upper middle income,IBRD,Sarajevo,18.4214,43.8607,7655.59421024383,76.777,3204802,51.0215287060993,1.481,667.29681396,6.98907452004835,2022,2026-09-18
BLA,B2,Latin America & the Caribbean (IBRD-only countries),Aggregates,,Aggregates,Aggregates,,,,,,,,,,,2022,2026-09-18
BLR,BY,Belarus,Europe & Central Asia,Europe & Central Asia (excluding high income),Upper middle income,IBRD,Minsk,27.5766,53.9678,7994.64806074889,74.1033658536585,9228071,78.4732787892908,1.326,529.01873779,6.05700801391753,2022,2026-09-18
BLZ,BZ,Belize,Latin America & Caribbean ,Latin America & Caribbean (excluding high income),Upper middle income,Blend,Belmopan,-88.7713,17.2534,7068.21728043145,72.19,402733,42.1373251262137,1.949,298.01553345,0.88023578897185,2022,2026-09-18
BMN,B3,"Middle East, North Africa, Afghanistan & Pakistan (IBRD only)",Aggregates,,Aggregates,Aggregates,,,,,,,,,,,2022,2026-09-18
BMU,BM,Bermuda,North America,,High income,Not classified,Hamilton,-64.706,32.3293,119969.173269085,82.062,64749,100,1.397,,3.97689539606789,2022,2026-09-18
BOL,BO,Bolivia,Latin America & Caribbean ,Latin America & Caribbean (excluding high income),Lower middle income,IBRD,La Paz,-66.1936,-13.9908,4219.46113742445,67.434,12077154,70.6352598708131,2.584,260.88070679,1.93607699297368,2022,2026-09-18
BRA,BR,Brazil,Latin America & Caribbean ,Latin America & Caribbean (excluding high income),Upper middle income,IBRD,Brasilia,-47.9292,-15.7801,9281.33334441234,74.872,210306415,87.349556243881,1.629,871.27526855,2.27889577215227,2022,2026-09-18
BRB,BB,Barbados,Latin America & Caribbean ,,High income,IBRD,Bridgetown,-59.6105,13.0935,24393.2193483944,75.676,282318,59.3538514107686,1.712,1302.0592041,2.4401561359885,2022,2026-09-18
BRN,BN,Brunei Darussalam,East Asia & Pacific,,High income,Not classified,Bandar Seri Begawan,114.946,4.94199,36632.9280952155,72.917,455370,74.7772642014221,1.764,648.55499268,20.9436282583394,2022,2026-09-18
BSS,B6,Sub-Saharan Africa (IBRD-only countries),Aggregates,,Aggregates,Aggregates,,,,,,,,,,,2022,2026-09-18
BTN,BT,Bhutan,South Asia,South Asia,Lower middle income,IDA,Thimphu,89.6177,27.5768,3711.32767981591,72.754,780914,40.9365143617581,1.478,138.00679016,1.94285158160822,2022,2026-09-18
BWA,BW,Botswana,Sub-Saharan Africa ,Sub-Saharan Africa (excluding high income),Upper middle income,IBRD,Gaborone,25.9201,-24.6544,8328.7090572666,68.749,2439892,66.5889787170477,2.785,477.77633667,2.80246010889007,2022,2026-09-18
CAA,C9,Sub-Saharan Africa (IFC classification),Aggregates,,Aggregates,Aggregates,,,,,,,,,,,2022,2026-09-18
CAF,CF,Central African Republic,Sub-Saharan Africa ,Sub-Saharan Africa (excluding high income),Low income,IDA,Bangui,21.6407,5.63056,467.359825026238,18.818,5098039,43.2751967457285,6.023,47.91523361,0.0632596180609838,2022,2026-09-18
CAN,CA,Canada,North America,,High income,Not classified,Ottawa,-75.6919,45.4215,56496.9275340663,81.0948780487805,38950132,82.350089735396807,1.34,6252.34033203,14.7839088196158,2022,2026-09-18
CEA,C4,East Asia and the Pacific (IFC classification),Aggregates,,Aggregates,Aggregates,,,,,,,,,,,2022,2026-09-18
CEB,B8,Central Europe and the Baltics,Aggregates,,Aggregates,Aggregates,,,,19526.2463443821,76.6522987292583,100071871,61.5935240282645,1.49491038712396,1374.1600690946,6.77183501445676,2022,2026-09-18
CEU,C5,Europe and Central Asia (IFC classification),Aggregates,,Aggregates,Aggregates,,,,,,,,,,,2022,2026-09-18
CHE,CH,Switzerland,Europe & Central Asia,,High income,Not classified,Bern,7.44821,46.948,97809.095567203,83.6048780487805,8777088,84.9206266284521,1.39,10930.13964844,3.92846693573085,2022,2026-09-18
CHI,JG,Channel Islands,Europe & Central Asia,,High income,Not classified,,,,67627.1417347907,81,167215,32.7920439098264,1.37,,,2022,2026-09-18
CHL,CL,Chile,Latin America & Caribbean ,,High income,IBRD,Santiago,-70.6475,-33.475,15399.1044717559,79.176,19553036,88.6395352768685,1.255,1541.37927246,4.62474983424569,2022,2026-09-18
CHN,CN,China,East Asia & Pacific,East Asia & Pacific (excluding high income),Upper middle income,IBRD,Beijing,116.286,40.0495,12970.6056414327,78.202,1412175000,65.2176361083984,1.034,755.43597412,8.86482511020235,2022,2026-09-18
CIV,CI,Cote d'Ivoire,Sub-Saharan Africa ,Sub-Saharan Africa (excluding high income),Lower middle income,Blend,Yamoussoukro,-4.0305,5.332,2333.37128301259,61.562,30395002,52.8492549676673,4.349,84.89915466,0.605701555801839,2022,2026-09-18
CLA,C6,Latin America and the Caribbean (IFC classification),Aggregates,,Aggregates,Aggregates,,,,,,,,,,,2022,2026-09-18
CME,C7,Middle East and North Africa (IFC classification),Aggregates,,Aggregates,Aggregates,,,,,,,,,,,2022,2026-09-18
CMR,CM,Cameroon,Sub-Saharan Africa ,Sub-Saharan Africa (excluding high income),Lower middle income,Blend,Yaounde,11.5174,3.8721,1604.87726954895,62.443,27632771,54.8458745688318,4.397,72.12950897,0.377591519866032,2022,2026-09-18
COD,CD,"Congo, Dem. Rep.",Sub-Saharan Africa ,Sub-Saharan Africa (excluding high income),Low income,IDA,Kinshasa,15.3222,-4.325,687.738587554685,60.979,102396968,44.003287663813,6.106,24.3800106,0.0610125487309351,2022,2026-09-18
COG,CG,"Congo, Rep.",Sub-Saharan Africa ,Sub-Saharan Africa (excluding high income),Lower middle income,Blend,Brazzaville,15.2662,-4.2767,2620.83804267402,65,6035104,63.6422003342807,4.215,53.11892319,1.38493056623382,2022,2026-09-18
COL,CO,Colombia,Latin America & Caribbean ,Latin America & Caribbean (excluding high income),Upper middle income,IBRD,Bogota,-74.082,4.60987,6680.44506854481,76.508,51737944,78.0464633137335,1.663,507.07064819,1.70753982802254,2022,2026-09-18
COM,KM,Comoros,Sub-Saharan Africa ,Sub-Saharan Africa (excluding high income),Lower middle income,IDA,Moroni,43.2418,-11.6986,1533.87755393614,66.481,834188,32.7746035528748,3.935,124.14363861,0.515231578493098,2022,2026-09-18
CPV,CV,Cabo Verde,Sub-Saharan Africa ,Sub-Saharan Africa (excluding high income),Upper middle income,Blend,Praia,-23.5087,14.9218,4323.31362032709,75.907,519741,75.033738060849,1.533,297.08233643,1.3085363671521,2022,2026-09-18
CRI,CR,Costa Rica,Latin America & Caribbean ,,High income,IBRD,San Jose,-84.0089,9.63701,13971.7649991294,79.316,5081765,78.4405687613972,1.335,978.84155273,1.61315999460817,2022,2026-09-18
CSA,C8,South Asia (IFC classification),Aggregates,,Aggregates,Aggregates,,,,,,,,,,,2022,2026-09-18
CSS,S3,Caribbean small states,Aggregates,,Aggregates,Aggregates,,,,17449.5193422186,72.8322921090607,4497310,50.1314448681558,1.83848523008097,915.955448715908,8.59213618807687,2022,2026-09-18
CUB,CU,Cuba,Latin America & Caribbean ,Latin America & Caribbean (excluding high income),Upper middle income,Not classified,Havana,-82.3667,23.1333,,77.629,11059820,77.1056060791016,1.412,,1.78698206661591,2022,2026-09-18
CUW,CW,Curacao,Latin America & Caribbean ,,High income,Not classified,Willemstad,,,20057.1404960105,76.729,153321,91.4007684350799,1.4,,,2022,2026-09-18
CYM,KY,Cayman Islands,Latin America & Caribbean ,,High income,Not classified,George Town,-81.3857,19.3022,92937.8838323153,79.984,71591,100,1.541,,5.00342221787655,2022,2026-09-18
CYP,CY,Cyprus,Europe & Central Asia,,High income,Not classified,Nicosia,33.3736,35.1676,33231.05078125,80.434,1331370,66.6694829407584,1.393,2748.6159668,5.425313774533,2022,2026-09-18
CZE,CZ,Czechia,Europe & Central Asia,,High income,Not classified,Prague,14.4205,50.0878,28282.2236715857,78.9292682926829,10672118,72.6967638379524,1.64,2431.08496094,9.15364691432385,2022,2026-09-18
DEA,D4,East Asia & Pacific (IDA-eligible countries),Aggregates,,Aggregates,Aggregates,,,,,,,,,,,2022,2026-09-18
DEC,D7,Europe & Central Asia (IDA-eligible countries),Aggregates,,Aggregates,Aggregates,,,,,,,,,,,2022,2026-09-18
DEU,DE,Germany,Europe & Central Asia,,High income,Not classified,Berlin,13.4115,52.5235,50506.5179638543,80.6080487804878,83177813,81.7867852780995,1.455,6226.14208984,7.91182860265874,2022,2026-09-18
DJI,DJ,Djibouti,"Middle East, North Africa, Afghanistan & Pakistan","Middle East, North Africa, Afghanistan & Pakistan (excluding high income)",Lower middle income,IDA,Djibouti,43.1425,11.5806,3133.25779772463,65.54,1137096,72.6109938538856,2.653,79.13184357,0.762292717589368,2022,2026-09-18
DLA,D2,Latin America & the Caribbean (IDA-eligible countries),Aggregates,,Aggregates,Aggregates,,,,,,,,,,,2022,2026-09-18
DMA,DM,Dominica,Latin America & Caribbean ,Latin America & Caribbean (excluding high income),Upper middle income,Blend,Roseau,-61.39,15.2976,9323.66089490562,71.081,66826,72.682648635692,1.482,542.53948975,1.21509592074941,2022,2026-09-18
DMN,D3,"Middle East, North Africa, Afghanistan & Pakistan (IDA total)",Aggregates,,Aggregates,Aggregates,,,,,,,,,,,2022,2026-09-18
DNK,DK,Denmark,Europe & Central Asia,,High income,Not classified,Copenhagen,12.5681,55.6763,67781.0940939514,81.3048780487805,5903037,88.3880239837703,1.55,6451.19433594,4.8270407249692,2022,2026-09-18
DNS,N6,IDA countries in Sub-Saharan Africa not classified as fragile situations ,Aggregates,,Aggregates,Aggregates,,,,,,,,,,,2022,2026-09-18
DOM,DO,Dominican Republic,Latin America & Caribbean ,Latin America & Caribbean (excluding high income),Upper middle income,IBRD,Santo Domingo,-69.8908,18.479,10104.2464008585,74.211,11230734,72.4203155643711,2.267,469.34915161,2.85936787390744,2022,2026-09-18
DSA,D5,South Asia (IDA-eligible countries),Aggregates,,Aggregates,Aggregates,,,,,,,,,,,2022,2026-09-18
DSF,F6,IDA countries in Sub-Saharan Africa classified as fragile situations ,Aggregates,,Aggregates,Aggregates,,,,,,,,,,,2022,2026-09-18
DSS,D6,Sub-Saharan Africa (IDA-eligible countries),Aggregates,,Aggregates,Aggregates,,,,,,,,,,,2022,2026-09-18
DZA,DZ,Algeria,"Middle East, North Africa, Afghanistan & Pakistan","Middle East, North Africa, Afghanistan & Pakistan (excluding high income)",Upper middle income,IBRD,Algiers,3.05097,36.7397,4960.30334332888,76.129,45477389,74.1795862354514,2.817,180.33454895,4.16005852930563,2022,2026-09-18
EAP,4E,East Asia & Pacific (excluding high income),Aggregates,,Aggregates,Aggregates,,,,10107.0569545516,75.9325409436903,2133560408,60.8593968560328,1.38552648865081,566.030286298373,6.77992863279642,2022,2026-09-18
EAR,V2,Early-demographic dividend,Aggregates,,Aggregates,Aggregates,,,,4017.48956260692,71.4304552508694,3470644834,46.6969243405166,2.3189517975754,191.392926293627,2.41944100399443,2022,2026-09-18
EAS,Z4,East Asia & Pacific,Aggregates,,Aggregates,Aggregates,,,,13219.5863562213,76.6767167147452,2379617118,63.6828244393002,1.36274892222911,905.114818668488,7.06418419646893,2022,2026-09-18
ECA,7E,Europe & Central Asia (excluding high income),Aggregates,,Aggregates,Aggregates,,,,7264.37321853889,74.5731684190474,250514347,68.1628939259503,1.99842365385872,366.115150801706,5.05570589189862,2022,2026-09-18
ECS,Z7,Europe & Central Asia,Aggregates,,Aggregates,Aggregates,,,,27968.286148204,77.8345651348625,924267385,73.729597001213,1.61697776919436,2811.99788990336,6.85482239935502,2022,2026-09-18
ECU,EC,Ecuador,Latin America & Caribbean ,Latin America & Caribbean (excluding high income),Upper middle income,IBRD,Quito,-78.5243,-0.229498,6515.58528418336,76.577,17823897,63.0901835932266,1.861,495.30380249,2.47809443692364,2022,2026-09-18
EGY,EG,"Egypt, Arab Rep.","Middle East, North Africa, Afghanistan & Pakistan","Middle East, North Africa, Afghanistan & Pakistan (excluding high income)",Lower middle income,IBRD,Cairo,31.2461,30.0982,4233.30783744856,71.01,112618250,42.6325129008032,2.75,171.67852783,2.29974804261299,2022,2026-09-18
EMU,XC,Euro area,Aggregates,,Aggregates,Aggregates,,,,41105.3462099324,81.4869473735593,354666175,77.0874793664882,1.44660768405439,4379.2743765017,6.07195738358754,2022,2026-09-18
ERI,ER,Eritrea,Sub-Saharan Africa ,Sub-Saharan Africa (excluding high income),Low income,IDA,Asmara,38.9183,15.3315,,67.789,3409447,34.8469276428223,3.786,27.0898056,0.219947692397037,2022,2026-09-18
ESP,ES,Spain,Europe & Central Asia,,High income,Not classified,Madrid,-3.70327,40.4167,30319.4987196616,83.1341463414634,47786102,79.9548794567814,1.16,2948.61474609,4.99422196018416,2022,2026-09-18
EST,EE,Estonia,Europe & Central Asia,,High income,Not classified,Tallinn,24.7586,59.4392,28340.3826549406,77.8439024390244,1348840,70.4892333736738,1.41,1998.74523926,11.1341597224282,2022,2026-09-18
ETH,ET,Ethiopia,Sub-Saharan Africa ,Sub-Saharan Africa (excluding high income),Low income,IDA,Addis Ababa,38.7468,9.02274,982.103161502198,66.897,125384287,22.7367687225342,4.082,27.06845474,0.146229646781817,2022,2026-09-18
EUU,EU,European Union,Aggregates,,Aggregates,Aggregates,,,,38066.8240398192,80.7133261894067,447203596,74.7659682006806,1.45486807707711,3922.6915573189,6.14633675709531,2022,2026-09-18
FIN,FI,Finland,Europe & Central Asia,,High income,Not classified,Helsinki,24.9525,60.1608,50440.560224974,81.1878048780488,5556106,73.6967597835949,1.32,4902.0390625,6.68162198489374,2022,2026-09-18
FJI,FJ,Fiji,East Asia & Pacific,East Asia & Pacific (excluding high income),Upper middle income,Blend,Suva,178.399,-18.1149,5414.12092119088,67.148,919422,58.1352701465266,2.305,217.15068054,1.56000182723494,2022,2026-09-18
FRA,FR,France,Europe & Central Asia,,High income,Not classified,Paris,2.35097,48.8566,40988.6396406579,82.1292682926829,68184457,78.7591921123356,1.78,4857.73388672,4.51246828877731,2022,2026-09-18
FRO,FO,Faroe Islands,Europe & Central Asia,,High income,Not classified,Torshavn,-6.91181,61.8926,67069.3987440509,82.8162292682927,53903,38.9959824546757,2.0788,,0.0389588705637905,2022,2026-09-18
FSM,FM,"Micronesia, Fed. Sts.",East Asia & Pacific,East Asia & Pacific (excluding high income),Upper middle income,IDA,Palikir,158.185,6.91771,3703.66680343222,66.961,112114,22.4122701819053,2.785,468.53509521,0.00178389853185151,2022,2026-09-18
FXS,6F,"IDA countries classified as fragile situations, excluding Sub-Saharan Africa",Aggregates,,Aggregates,Aggregates,,,,,,,,,,,2022,2026-09-18
GAB,GA,Gabon,Sub-Saharan Africa ,Sub-Saharan Africa (excluding high income),Upper middle income,IBRD,Libreville,9.45162,0.38832,8409.20741452279,67.713,2430747,91.2243355459988,3.712,243.09941101,2.29694822208975,2022,2026-09-18
GBR,GB,United Kingdom,Europe & Central Asia,,High income,Not classified,London,-0.126236,51.5002,47034.7795621476,81.0112195121951,67636000,83.0753982997505,1.56,5111.81738281,4.80505795730085,2022,2026-09-18
GEO,GE,Georgia,Europe & Central Asia,Europe & Central Asia (excluding high income),Upper middle income,IBRD,Tbilisi,44.793,41.71,6729.84659930283,74.141,3712502,60.0101622679115,1.82,546.22503662,3.62639535278365,2022,2026-09-18
GHA,GH,Ghana,Sub-Saharan Africa ,Sub-Saharan Africa (excluding high income),Lower middle income,IDA,Accra,-0.20795,5.57045,2229.89122654479,65.246,33149152,57.250609602871,3.434,82.32108307,0.717599050497581,2022,2026-09-18
GIB,GI,Gibraltar,Europe & Central Asia,,High income,Not classified,,,,,83.517,37609,100,1.895,,16.9028689941238,2022,2026-09-18
GIN,GN,Guinea,Sub-Saharan Africa ,Sub-Saharan Africa (excluding high income),Lower middle income,IDA,Conakry,-13.7,9.51667,1416.59612011764,60.432,14055137,37.2384967469106,4.303,53.2922287,0.371451377528373,2022,2026-09-18
GMB,GM,"Gambia, The",Sub-Saharan Africa ,Sub-Saharan Africa (excluding high income),Low income,IDA,Banjul,-16.5885,13.4495,836.244875868476,64.859,2636470,63.2869880996278,4.078,29.57811737,0.187713116401856,2022,2026-09-18
GNB,GW,Guinea-Bissau,Sub-Saharan Africa ,Sub-Saharan Africa (excluding high income),Low income,IDA,Bissau,-15.1804,11.8037,881.602654162231,63.605,2105529,45.1627159118652,3.911,68.01049042,0.163331875267451,2022,2026-09-18
GNQ,GQ,Equatorial Guinea,Sub-Saharan Africa ,Sub-Saharan Africa (excluding high income),Upper middle income,IBRD,Malabo,8.7741,3.7523,7589.29964909381,63.355,1803545,70.8910029445467,4.17,215.32841492,2.82155421683407,2022,2026-09-18
GRC,GR,Greece,Europe & Central Asia,,High income,Not classified,Athens,23.7166,37.9792,20884.6773436263,80.7878048780488,10437805,78.5502190980809,1.32,1768.11071777,5.28045887042343,2022,2026-09-18
GRD,GD,Grenada,Latin America & Caribbean ,Latin America & Caribbean (excluding high income),Upper middle income,Blend,Saint George's,-61.7449,12.0653,10469.3867012856,75.151,116913,36.3688840183487,1.502,526.35113525,1.44894066528102,2022,2026-09-18
GRL,GL,Greenland,Europe & Central Asia,,High income,Not classified,Nuuk,-51.7214,64.1836,55635.0006491223,71.230243902439,56661,87.8049405256832,1.818,,10.4198655159634,2022,2026-09-18
GTM,GT,Guatemala,Latin America & Caribbean ,Latin America & Caribbean (excluding high income),Upper middle income,IBRD,Guatemala City,-90.5328,14.6248,5356.92435887895,71.206,17847877,55.2581228215265,2.343,384.06158447,1.06185178214753,2022,2026-09-18
GUM,GU,Guam,East Asia & Pacific,,High income,Not classified,Agana,144.794,13.4443,41833.1517132825,77.102,165180,94.1068261842046,2.819,,0.00181620050853614,2022,2026-09-18
GUY,GY,Guyana,Latin America & Caribbean ,,High income,IDA,Georgetown,-58.1548,6.80461,17913.4928066879,69.888,821637,26.4536735068183,2.437,452.23754883,4.48373186699236,2022,2026-09-18
HIC,XD,High income,Aggregates,,Aggregates,Aggregates,,,,,,,,,,,2022,2026-09-18
HKG,HK,"Hong Kong SAR, China",East Asia & Pacific,,High income,Not classified,,114.109,22.3964,48825.0272275805,83.6609756097561,7346100,100,0.701,,4.37404881501749,2022,2026-09-18
HND,HN,Honduras,Latin America & Caribbean ,Latin America & Caribbean (excluding high income),Lower middle income,IDA,Tegucigalpa,-87.4667,15.1333,3003.28996826399,72.715,10463872,57.8364689017254,2.522,244.90408325,1.01020922274279,2022,2026-09-18
HPC,XE,Heavily indebted poor countries (HIPC),Aggregates,,Aggregates,Aggregates,,,,1123.26894975331,63.8422370507134,892885172,36.9406309816039,4.54654565139968,50.1963992943632,0.322799962456987,2022,2026-09-18
HRV,HR,Croatia,Europe & Central Asia,,High income,IBRD,Zagreb,15.9614,45.8069,18465.531473659,77.5756097560976,3855641,56.9977571733605,1.53,1328.80371094,4.57371420212618,2022,2026-09-18
HTI,HT,Haiti,Latin America & Caribbean ,Latin America & Caribbean (excluding high income),Lower middle income,IDA,Port-au-Prince,-72.3288,18.5392,1748.40890116803,63.948,11503606,53.8524949966907,2.699,52.28417587,0.294629353613119,2022,2026-09-18
HUN,HU,Hungary,Europe & Central Asia,,High income,Not classified,Budapest,19.0408,47.4984,18428.028825614,75.8682926829268,9605074,70.1585064243445,1.57,1228.00231934,4.95293425120931,2022,2026-09-18
IBB,ZB,"IBRD, including blend",Aggregates,,Aggregates,Aggregates,,,,,,,,,,,2022,2026-09-18
IBD,XF,IBRD only,Aggregates,,Aggregates,Aggregates,,,,7679.78639337735,74.2512821129351,4928196300,57.7552337954716,1.7360484586157,447.260654903885,4.94841494972312,2022,2026-09-18
IBT,ZT,IDA & IBRD total,Aggregates,,Aggregates,Aggregates,,,,6024.32591287554,71.6790095761174,6793703268,52.8163796983223,2.32428407879578,340.419197270122,3.75786275609309,2022,2026-09-18
IDA,XG,IDA total,Aggregates,,Aggregates,Aggregates,,,,1651.01916315494,64.8837178854478,1865506968,39.7691797117658,3.88830300560101,60.2565768256145,0.595698256123149,2022,2026-09-18
IDB,XH,IDA blend,Aggregates,,Aggregates,Aggregates,,,,2241.22931753571,62.1288641416852,651895919,47.6330129185198,3.95818893362032,74.7290098121786,0.885663927587803,2022,2026-09-18
IDN,ID,Indonesia,East Asia & Pacific,East Asia & Pacific (excluding high income),Upper middle income,IBRD,Jakarta,106.83,-6.19752,4730.83484836107,70.925,278830529,57.4934704226599,2.149,127.44384766,2.5918955237502,2022,2026-09-18
IDX,XI,IDA only,Aggregates,,Aggregates,Aggregates,,,,1333.98547158611,66.3634983426878,1213611049,35.5450909648779,3.85188953635255,52.4713106089102,0.438283191160251,2022,2026-09-18
IMN,IM,Isle of Man,Europe & Central Asia,,High income,Not classified,Douglas,-4.47928,54.1509,88328.548125887,80.956,84132,52.1955609162662,1.556,,,2022,2026-09-18
IND,IN,India,South Asia,South Asia,Lower middle income,IBRD,New Delhi,77.225,28.6353,2279.98145719369,71.698,1425423212,34.7555673994206,1.994,81.50888824,1.96929618962877,2022,2026-09-18
INX,XY,Not classified,Aggregates,,Aggregates,Aggregates,,,,,,,,,,,2022,2026-09-18
IRL,IE,Ireland,Europe & Central Asia,,High income,Not classified,Dublin,-6.26749,53.3441,105190.685952731,82.509756097561,5212836,63.8920250215059,1.51,6407.92333984,6.84581291258731,2022,2026-09-18
IRN,IR,"Iran, Islamic Rep.","Middle East, North Africa, Afghanistan & Pakistan","Middle East, North Africa, Afghanistan & Pakistan (excluding high income)",Upper middle income,IBRD,Tehran,51.4447,35.6878,4721.20437099984,76.799,89524246,76.3342208862305,1.704,250.23272705,8.84742330027555,2022,2026-09-18
IRQ,IQ,Iraq,"Middle East, North Africa, Afghanistan & Pakistan","Middle East, North Africa, Afghanistan & Pakistan (excluding high income)",Upper middle income,IBRD,Baghdad,44.394,33.3302,6520.73154560584,72.037,44070551,69.8682861328125,3.294,283.17074585,5.04369459778254,2022,2026-09-18
ISL,IS,Iceland,Europe & Central Asia,,High income,Not classified,Reykjavik,-21.8952,64.1353,76376.9599334915,82.119512195122,382003,94.1787071228028,1.589,6851.62939453,8.48003811488391,2022,2026-09-18
ISR,IL,Israel,"Middle East, North Africa, Afghanistan & Pakistan",,High income,Not classified,,35.2035,31.7717,54947.2091250715,82.7,9557500,91.4979834273327,2.89,4107.72998047,6.65826837562124,2022,2026-09-18
ITA,IT,Italy,Europe & Central Asia,,High income,Not classified,Rome,12.4823,41.8955,35653.9042103495,82.7,59013667,69.4839779766539,1.24,3154.57104492,5.60897190137329,2022,2026-09-18
JAM,JM,Jamaica,Latin America & Caribbean ,Latin America & Caribbean (excluding high income),Upper middle income,IBRD,Kingston,-76.792,17.9927,6626.47502388538,71.481,2839144,57.9879906034775,1.372,521.12023926,2.64695978787973,2022,2026-09-18
JOR,JO,Jordan,"Middle East, North Africa, Afghanistan & Pakistan","Middle East, North Africa, Afghanistan & Pakistan (excluding high income)",Upper middle income,IBRD,Amman,35.9263,31.9497,4754.41362207378,77.088,11256263,92.4048379066163,2.679,334.387146,2.07333464045749,2022,2026-09-18
JPN,JP,Japan,East Asia & Pacific,,High income,Not classified,Tokyo,139.77,35.67,35548.2645222433,83.9963414634146,125124989,91.9776532428406,1.26,4201.79248047,8.3956307081074,2022,2026-09-18
KAZ,KZ,Kazakhstan,Europe & Central Asia,Europe & Central Asia (excluding high income),Upper middle income,IBRD,Astana,71.4382,51.1879,11255.3396437881,73.503,20034609,61.444157327248,3.05,421.60028076,12.305086662784401,2022,2026-09-18
KEN,KE,Kenya,Sub-Saharan Africa ,Sub-Saharan Africa (excluding high income),Lower middle income,Blend,Nairobi,36.8126,-1.27975,2109.56288513137,63.549,54252461,31.4307820066946,3.262,91.18416595,0.405006512054817,2022,2026-09-18
KGZ,KG,Kyrgyz Republic,Europe & Central Asia,Europe & Central Asia (excluding high income),Lower middle income,IDA,Bishkek,74.6057,42.8851,1739.72018344174,72.0487804878049,6975220,34.7003053497743,2.8,88.07954407,1.5054865652983,2022,2026-09-18
KHM,KH,Cambodia,East Asia & Pacific,East Asia & Pacific (excluding high income),Lower middle income,IDA,Phnom Penh,104.874,11.5556,2325.03050040841,70.528,17201724,40.374616187368,2.616,103.89541626,1.06878240808886,2022,2026-09-18
KIR,KI,Kiribati,East Asia & Pacific,East Asia & Pacific (excluding high income),Lower middle income,IDA,Tarawa,172.979,1.32905,2078.7648751855,66.269,130469,60.5739126559419,3.182,217.68276978,0.580980922671286,2022,2026-09-18
KNA,KN,St. Kitts and Nevis,Latin America & Caribbean ,,High income,IBRD,Basseterre,-62.7309,17.3,21011.5744209816,70.313,46709,31.6156404983167,1.512,1161.22058105,2.78533045023443,2022,2026-09-18
KOR,KR,"Korea, Rep.",East Asia & Pacific,,High income,Not classified,Seoul,126.957,37.5323,34822.4048404971,82.6804878048781,51672569,81.1624941626873,0.778,3078.55151367,11.8737409785064,2022,2026-09-18
KWT,KW,Kuwait,"Middle East, North Africa, Afghanistan & Pakistan",,High income,Not classified,Kuwait City,47.9824,29.3721,39981.7691035833,80.5878048780488,4589643,100,1.546,1683.39929199,22.3585581710822,2022,2026-09-18
LAC,XJ,Latin America & Caribbean (excluding high income),Aggregates,,Aggregates,Aggregates,,,,8838.67169511547,74.4013120327618,613861839,80.7043500381091,1.83683710959786,689.108261314266,2.53612262742399,2022,2026-09-18
LAO,LA,Lao PDR,East Asia & Pacific,East Asia & Pacific (excluding high income),Lower middle income,IDA,Vientiane,102.177,18.5826,2046.40440255621,68.715,7559007,38.0682382805397,2.455,41.34779739,3.17918742501495,2022,2026-09-18
LBN,LB,Lebanon,"Middle East, North Africa, Afghanistan & Pakistan","Middle East, North Africa, Afghanistan & Pakistan (excluding high income)",Lower middle income,IBRD,Beirut,35.5134,33.8872,3654.35845534878,78.003,5744489,90.206313713022,2.263,230.39093018,1.81652362812428,2022,2026-09-18
LBR,LR,Liberia,Sub-Saharan Africa ,Sub-Saharan Africa (excluding high income),Low income,IDA,Monrovia,-10.7957,6.30039,744.617175237387,61.934,5373294,54.4591057083,4.016,100.49607086,0.161651307373094,2022,2026-09-18
LBY,LY,Libya,"Middle East, North Africa, Afghanistan & Pakistan","Middle East, North Africa, Afghanistan & Pakistan (excluding high income)",Upper middle income,IBRD,Tripoli,13.1072,32.8578,5986.63694851258,74.462,7223805,87.8486088593786,2.402,284.0262146,8.05301361263212,2022,2026-09-18
LCA,LC,St. Lucia,Latin America & Caribbean ,Latin America & Caribbean (excluding high income),Upper middle income,Blend,Castries,-60.9832,14,12976.1489693474,72.67,178781,29.097678526676,1.387,622.07244873,1.65621626459187,2022,2026-09-18
LCN,ZJ,Latin America & Caribbean ,Aggregates,,Aggregates,Aggregates,,,,9412.05924553392,74.6472096226697,653108131,80.8277330006255,1.81210662375359,732.077211521163,2.64191207893057,2022,2026-09-18
LDC,XL,Least developed countries: UN classification,Aggregates,,Aggregates,Aggregates,,,,1298.29338219278,65.7663286665813,1133564482,35.2521934518586,4.00757222184042,47.759406094258,0.386744545236052,2022,2026-09-18
LIC,XM,Low income,Aggregates,,Aggregates,Aggregates,,,,,,,,,,,2022,2026-09-18
LIE,LI,Liechtenstein,Europe & Central Asia,,High income,Not classified,Vaduz,9.52148,47.1411,188055.003235348,84.1219512195122,39493,14.6923070071538,1.47,10591.59277344,,2022,2026-09-18
LKA,LK,Sri Lanka,South Asia,South Asia,Upper middle income,IDA,Colombo,79.8528,6.92148,3342.63650438046,77.3,22181000,19.9877933196367,1.984,130.09327698,0.937608764257698,2022,2026-09-18
LMC,XN,Lower middle income,Aggregates,,Aggregates,Aggregates,,,,,,,,,,,2022,2026-09-18
LMY,XO,Low & middle income,Aggregates,,Aggregates,Aggregates,,,,5626.6962378216,71.5990630119306,6590522389,52.2288701723598,2.35291654300483,310.053897751789,3.50839005448517,2022,2026-09-18
LSO,LS,Lesotho,Sub-Saharan Africa ,Sub-Saharan Africa (excluding high income),Lower middle income,IDA,Maseru,27.7167,-29.5208,1030.12582947757,56.812,2286110,41.6703965165322,2.716,133.32562256,0.42915695220265,2022,2026-09-18
LTE,V3,Late-demographic dividend,Aggregates,,Aggregates,Aggregates,,,,12287.4566066286,76.9543673255695,2323799602,66.577578734994,1.29478138713046,757.7803277233,7.60831061200635,2022,2026-09-18
LTU,LT,Lithuania,Europe & Central Asia,,High income,Not classified,Vilnius,25.2799,54.6896,24946.5724005188,75.6439024390244,2831639,68.2866452426813,1.27,1831.27734375,4.65112254775415,2022,2026-09-18
LUX,LU,Luxembourg,Europe & Central Asia,,High income,Not classified,Luxembourg,6.1296,49.61,123719.658915996,82.9463414634147,653103,94.7605400940185,1.31,7022.62695313,11.1248914795982,2022,2026-09-18
LVA,LV,Latvia,Europe & Central Asia,,High income,Not classified,Riga,24.1048,56.9465,20221.103686109,74.2780487804878,1879383,68.2570218109034,1.47,1642.47131348,3.68567769315781,2022,2026-09-18
MAC,MO,"Macao SAR, China",East Asia & Pacific,,High income,Not classified,,113.55,22.1667,36806.891255461,83.0804878048781,677300,100,0.68,,2.47822235346228,2022,2026-09-18
MAF,MF,St. Martin (French part),Latin America & Caribbean ,,High income,Not classified,Marigot,,,,80.236,28870,100,2.763,,,2022,2026-09-18
MAR,MA,Morocco,"Middle East, North Africa, Afghanistan & Pakistan","Middle East, North Africa, Afghanistan & Pakistan (excluding high income)",Lower middle income,IBRD,Rabat,-6.8704,33.9905,3463.1376953125,75.161,37329064,62.5118468550703,2.256,201.81098938,1.93751442575683,2022,2026-09-18
MCO,MC,Monaco,Europe & Central Asia,,High income,Not classified,Monaco,7.41891,43.7325,226052.060664649,85.746,38931,100,2.114,7674.09814453,,2022,2026-09-18
MDA,MD,Moldova,Europe & Central Asia,Europe & Central Asia (excluding high income),Upper middle income,IBRD,Chisinau,28.8497,47.0167,5744.29618434435,71.546,2528654,42.4048843383789,1.694,394.42373657,3.27771217414482,2022,2026-09-18
MDE,M1,Middle East (developing only),Aggregates,,Aggregates,Aggregates,,,,,,,,,,,2022,2026-09-18
MDG,MG,Madagascar,Sub-Saharan Africa ,Sub-Saharan Africa (excluding high income),Low income,IDA,Antananarivo,45.7167,-20.4667,504.059106969168,63.068,30437261,31.5397813465886,4.036,15.85809231,0.144033985186775,2022,2026-09-18
MDV,MV,Maldives,South Asia,South Asia,Upper middle income,IDA,Male,73.5109,4.1742,11786.0191492983,80.76,524106,41.0641769690663,1.583,883.91467285,3.4143856395462,2022,2026-09-18
MEA,ZQ,"Middle East, North Africa, Afghanistan & Pakistan",Aggregates,,Aggregates,Aggregates,,,,6436.74030312288,71.6917293154863,782349366,55.12536380356,3.03344296601144,304.783955176052,4.09432116464173,2022,2026-09-18
MEX,MX,Mexico,Latin America & Caribbean ,Latin America & Caribbean (excluding high income),Upper middle income,IBRD,Mexico City,-99.1276,19.427,11405.7940469896,73.973,128613117,79.199683215791,1.94,650.97070313,3.52183828963573,2022,2026-09-18
MHL,MH,Marshall Islands,East Asia & Pacific,East Asia & Pacific (excluding high income),Upper middle income,IDA,Majuro,171.135,7.11046,6455.6603538189,66.725,40077,77.9855966195187,2.936,859.050354,0.00249519674626344,2022,2026-09-18
MIC,XP,Middle income,Aggregates,,Aggregates,Aggregates,,,,6209.92727259514,72.5034114518773,5882746344,54.4326887515123,2.09468065706992,341.902784730703,3.88805139766845,2022,2026-09-18
MKD,MK,North Macedonia,Europe & Central Asia,Europe & Central Asia (excluding high income),Upper middle income,IBRD,Skopje,21.4361,42.0024,7606.2375253797,74.4248780487805,1831712,61.9530566607267,1.6,561.69281006,4.47897922817561,2022,2026-09-18
MLI,ML,Mali,Sub-Saharan Africa ,Sub-Saharan Africa (excluding high income),Low income,IDA,Bamako,-7.50034,13.5667,976.914116406452,60.035,23072640,30.4015705681899,5.692,31.0949192,0.324748273279521,2022,2026-09-18
MLT,MT,Malta,"Middle East, North Africa, Afghanistan & Pakistan",,High income,Not classified,Valletta,14.5189,35.9042,35658.8318250199,82.2975609756098,531113,95.6003155132879,1.08,3362.42382813,3.3821427831742,2022,2026-09-18
MMR,MM,Myanmar,East Asia & Pacific,East Asia & Pacific (excluding high income),Lower middle income,IDA,Naypyidaw,95.9562,21.914,1158.05005034332,66.506,53756787,30.311095757938,2.131,57.96875763,0.577248041256632,2022,2026-09-18
MNA,XQ,"Middle East, North Africa, Afghanistan & Pakistan (excluding high income)",Aggregates,,Aggregates,Aggregates,,,,3022.54814280134,71.0055315443397,716508657,52.1693289932022,3.11585080940198,137.178960567695,2.73637800434735,2022,2026-09-18
MNE,ME,Montenegro,Europe & Central Asia,Europe & Central Asia (excluding high income),Upper middle income,IBRD,Podgorica,19.2595,42.4602,10038.1849482517,76.1878048780488,623591,65.4012965440866,1.8,1032.91149902,,2022,2026-09-18
MNG,MN,Mongolia,East Asia & Pacific,East Asia & Pacific (excluding high income),Upper middle income,IBRD,Ulaanbaatar,106.937,47.9129,4993.51487463495,71.9007317073171,3433748,69.783805847168,2.7,448.24212646,7.26765621705495,2022,2026-09-18
MNP,MP,Northern Mariana Islands,East Asia & Pacific,,High income,Not classified,Saipan,145.765,15.1935,23785.754590043,78.531,46078,91.8785788645608,2.388,,0.00217023308303312,2022,2026-09-18
MOZ,MZ,Mozambique,Sub-Saharan Africa ,Sub-Saharan Africa (excluding high income),Low income,IDA,Maputo,32.5713,-25.9664,578.273222184503,63.011,32656246,35.0536638047945,4.84,47.69813538,0.333694203552974,2022,2026-09-18
MRT,MR,Mauritania,Sub-Saharan Africa ,Sub-Saharan Africa (excluding high income),Lower middle income,IDA,Nouakchott,-15.9824,18.2367,1961.28166648869,68.281,4875637,58.8120996197226,4.77,91.54125977,1.03090119301334,2022,2026-09-18
MUS,MU,Mauritius,Sub-Saharan Africa ,Sub-Saharan Africa (excluding high income),Upper middle income,IBRD,Port Louis,57.4977,-20.1605,10246.5017455553,73.5146341463415,1262523,39.0000125885784,1.33,590.91522217,3.20778314533676,2022,2026-09-18
MWI,MW,Malawi,Sub-Saharan Africa ,Sub-Saharan Africa (excluding high income),Low income,IDA,Lilongwe,33.7703,-13.9899,604.269740360317,66.037,20568728,16.7146031979436,3.72,40.03453827,0.272369783877739,2022,2026-09-18
MYS,MY,Malaysia,East Asia & Pacific,East Asia & Pacific (excluding high income),Upper middle income,IBRD,Kuala Lumpur,101.684,3.12433,11754.5678336248,75.444,34695493,75.9741357073003,1.55,458.21963501,7.98329915646393,2022,2026-09-18
NAC,XU,North America,Aggregates,,Aggregates,Aggregates,,,,75769.6975468613,77.817206254568,373011185,80.2779687115812,1.62341394358005,11924.6950605155,14.4549531403462,2022,2026-09-18
NAF,M2,North Africa,Aggregates,,Aggregates,Aggregates,,,,,,,,,,,2022,2026-09-18
NAM,NA,Namibia,Sub-Saharan Africa ,Sub-Saharan Africa (excluding high income),Lower middle income,IBRD,Windhoek,17.0931,-22.5648,4349.79908493314,64.19,2889662,49.5291037671807,3.248,418.53683472,1.23886461461583,2022,2026-09-18
NCL,NC,New Caledonia,East Asia & Pacific,,High income,Not classified,Noum'ea,166.464,-22.2677,33516.363085906,77.698,287123,67.5720305021282,1.998,,16.0756888162913,2022,2026-09-18
NER,NE,Niger,Sub-Saharan Africa ,Sub-Saharan Africa (excluding high income),Low income,IDA,Niamey,2.1073,13.514,613.614736429298,60.398,25311973,17.477207007512,6.135,26.50681686,0.127125609686768,2022,2026-09-18
NGA,NG,Nigeria,Sub-Saharan Africa ,Sub-Saharan Africa (excluding high income),Lower middle income,Blend,Abuja,7.48906,9.05804,2899.16047469267,54.079,223150896,61.3727650622225,4.552,89.62958527,0.578271036832404,2022,2026-09-18
NIC,NI,Nicaragua,Latin America & Caribbean ,Latin America & Caribbean (excluding high income),Lower middle income,IDA,Managua,-86.2734,12.1475,2322.89069619459,74.463,6730654,58.9954376220703,2.24,208.56825256,0.781677382316785,2022,2026-09-18
NLD,NL,Netherlands,Europe & Central Asia,,High income,Not classified,Amsterdam,4.89095,52.3738,59123.318556487,81.6146341463415,17700982,94.9856177734136,1.49,5967.90429688,7.52014775225465,2022,2026-09-18
NOR,NO,Norway,Europe & Central Asia,,High income,Not classified,Oslo,10.7387,59.9138,113122.130765691,82.509756097561,5457127,82.9563661816034,1.41,8692.57617188,7.9798582660803,2022,2026-09-18
NPL,NP,Nepal,South Asia,South Asia,Lower middle income,IDA,Kathmandu,85.3157,27.6939,1385.91066002922,70.087,29715436,66.2992968721053,2.002,87.34230042,0.506315976652673,2022,2026-09-18
NRS,6X,Non-resource rich Sub-Saharan Africa countries,Aggregates,,Aggregates,Aggregates,,,,,,,,,,,2022,2026-09-18
NRU,NR,Naoero,East Asia & Pacific,,High income,IBRD,Yaren District,166.920867,-0.5477,15309.8345351924,61.93,11801,100,3.379,2264.07055664,0,2022,2026-09-18
NXS,6N,"IDA countries not classified as fragile situations, excluding Sub-Saharan Africa",Aggregates,,Aggregates,Aggregates,,,,,,,,,,,2022,2026-09-18
NZL,NZ,New Zealand,East Asia & Pacific,,High income,Not classified,Wellington,174.776,-41.2865,49141.6316294227,81.9585365853658,5081700,83.8547305017812,1.67,5138.33789063,6.32162465316725,2022,2026-09-18
OED,OE,OECD members,Aggregates,,Aggregates,Aggregates,,,,44455.8357743973,79.5170877696899,1378591781,80.949627748444,1.54692491605884,5630.09565413039,8.42668842227778,2022,2026-09-18
OMN,OM,Oman,"Middle East, North Africa, Afghanistan & Pakistan",,High income,Not classified,Muscat,58.5874,23.6105,23223.5829405935,77.911,4730226,80.0117053152301,2.449,712.06097412,19.6830764534295,2022,2026-09-18
OSS,S4,Other small states,Aggregates,,Aggregates,Aggregates,,,,14326.3081658507,72.9062214171014,12699005,54.4367375147272,2.06944285024068,1117.93956877042,4.06107663404187,2022,2026-09-18
PAK,PK,Pakistan,"Middle East, North Africa, Afghanistan & Pakistan","Middle East, North Africa, Afghanistan & Pakistan (excluding high income)",Lower middle income,Blend,Islamabad,72.8,30.5167,1538.3228133171,67.417,243700667,38.3740439760816,3.662,38.76602173,0.965826244537936,2022,2026-09-18
PAN,PA,Panama,Latin America & Caribbean ,,High income,IBRD,Panama City,-79.5188,8.99427,17378.6070083597,79.324,4400773,65.8211343914956,2.139,1572.93017578,2.60024772920576,2022,2026-09-18
PER,PE,Peru,Latin America & Caribbean ,Latin America & Caribbean (excluding high income),Upper middle income,IBRD,Lima,-77.0465,-12.0931,7353.74598721667,76.834,33475438,84.3663554951194,2.004,445.10473633,1.90408262918024,2022,2026-09-18
PHL,PH,Philippines,East Asia & Pacific,East Asia & Pacific (excluding high income),Upper middle income,IBRD,Manila,121.035,14.5515,3548.06930572116,69.472,113964338,54.7902343568327,1.929,182.93432617,1.33112167071071,2022,2026-09-18
PLW,PW,Palau,East Asia & Pacific,,High income,IBRD,Koror,134.479,7.34194,13934.951996171,68.922,17759,79.1134831712956,1.927,2077.734375,78.7262796328622,2022,2026-09-18
PNG,PG,Papua New Guinea,East Asia & Pacific,East Asia & Pacific (excluding high income),Lower middle income,Blend,Port Moresby,147.194,-9.47357,3102.29409730005,65.274,10203169,14.7358658260841,3.165,81.11356354,0.541939469982316,2022,2026-09-18
POL,PL,Poland,Europe & Central Asia,,High income,IBRD,Warsaw,21.02,52.26,18891.2121169279,77.1560975609756,36821749,59.8315488048321,1.29,1219.29125977,8.36357881859441,2022,2026-09-18
PRE,V1,Pre-demographic dividend,Aggregates,,Aggregates,Aggregates,,,,1769.1914721872,61.3824217457713,1050180429,44.4496171500869,4.6286765840402,68.6305046490946,0.58049880115969,2022,2026-09-18
PRI,PR,Puerto Rico (US),Latin America & Caribbean ,,High income,Not classified,San Juan,-66,18.23,35353.5613891039,79.427,3220148,94.1110923054937,0.914,,4.32209948114186,2022,2026-09-18
PRK,KP,"Korea, Dem. People's Rep.",East Asia & Pacific,East Asia & Pacific (excluding high income),Low income,Not classified,Pyongyang,125.754,39.0319,,73.641,26328845,63.2274365906829,1.797,,2.27140993081922,2022,2026-09-18
PRT,PT,Portugal,Europe & Central Asia,,High income,Not classified,Lisbon,-9.13552,38.7072,24620.5197587181,81.6317073170732,10434332,61.1259255772782,1.43,2600.56665039,3.8017191709062,2022,2026-09-18
PRY,PY,Paraguay,Latin America & Caribbean ,Latin America & Caribbean (excluding high income),Upper middle income,IBRD,Asuncion,-57.6362,-25.3005,6189.10205375331,72.319,6760464,68.6396537819458,2.444,480.02862549,1.18410511467852,2022,2026-09-18
PSE,PS,West Bank and Gaza,"Middle East, North Africa, Afghanistan & Pakistan","Middle East, North Africa, Afghanistan & Pakistan (excluding high income)",Lower middle income,Not classified,,,,3799.95527015163,76.662,5043612,86.5961423216016,3.375,350.63812256,,2022,2026-09-18
PSS,S2,Pacific island small states,Aggregates,,Aggregates,Aggregates,,,,3941.90128416234,69.1004348993561,2656049,39.9427900823495,3.06729870639623,228.226159867358,1.49552963819568,2022,2026-09-18
PST,V4,Post-demographic dividend,Aggregates,,Aggregates,Aggregates,,,,51597.0182783268,80.1925594478523,1117420833,80.9329132113806,1.4415122069188,7086.1736773892,9.34691612287132,2022,2026-09-18
PYF,PF,French Polynesia,East Asia & Pacific,,High income,Not classified,Papeete,-149.57,-17.535,20053.9569369322,83.859,280378,61.6913806937112,1.515,,3.30197091069913,2022,2026-09-18
QAT,QA,Qatar,"Middle East, North Africa, Afghanistan & Pakistan",,High income,Not classified,Doha,51.5082,25.2948,88701.463352273,81.857,2657333,99.243997525719,1.739,1781.50390625,45.1959539884538,2022,2026-09-18
ROU,RO,Romania,Europe & Central Asia,,High income,IBRD,Bucharest,26.0979,44.4479,15503.4691366242,75.1536585365854,19048502,52.1634832477272,1.71,902.2677002,3.97277959180202,2022,2026-09-18
RRS,R6,Resource rich Sub-Saharan Africa countries,Aggregates,,Aggregates,Aggregates,,,,,,,,,,,2022,2026-09-18
RUS,RU,Russian Federation,Europe & Central Asia,,High income,IBRD,Moscow,37.6176,55.7558,15625.6328125,72.5456097560976,144236933,74.8544893625017,1.416,1082.82104492,13.1413838368291,2022,2026-09-18
RWA,RW,Rwanda,Sub-Saharan Africa ,Sub-Saharan Africa (excluding high income),Low income,IDA,Kigali,30.0587,-1.95325,1007.05989322914,67.528,13651030,27.7806702737761,3.778,57.83102036,0.161247905835677,2022,2026-09-18
SAS,8S,South Asia,Aggregates,,Aggregates,Aggregates,,,,2326.72890585805,72.0115731308447,1648009565,34.8137520955194,2.01401171309975,79.9919658936364,1.80041151642224,2022,2026-09-18
SAU,SA,Saudi Arabia,"Middle East, North Africa, Afghanistan & Pakistan",,High income,Not classified,Riyadh,46.6977,24.6748,38510.2276211037,77.31,32175224,84.1349430023993,2.14,1830.89074707,19.282874301046,2022,2026-09-18
SDN,SD,Sudan,Sub-Saharan Africa ,Sub-Saharan Africa (excluding high income),Low income,IDA,Khartoum,32.5363,15.5932,1046.24084472656,65.695,49383346,34.7209852053086,4.384,25.75139618,0.434223310830335,2022,2026-09-18
SEN,SN,Senegal,Sub-Saharan Africa ,Sub-Saharan Africa (excluding high income),Lower middle income,IDA,Dakar,-17.4734,14.7247,1574.0281059306,67.788,17651103,53.4435061024348,3.864,63.44842529,0.823959839790182,2022,2026-09-18
SGP,SG,Singapore,East Asia & Pacific,,High income,Not classified,Singapore,103.85,1.28941,91227.6970426492,82.8951219512195,5637022,100,1.04,3902.14428711,9.99582758413928,2022,2026-09-18
SLB,SB,Solomon Islands,East Asia & Pacific,East Asia & Pacific (excluding high income),Lower middle income,IDA,Honiara,159.949,-9.42676,1877.78104490956,70.409,781066,29.3511689856806,3.62,96.74864197,0.382810159448753,2022,2026-09-18
SLE,SL,Sierra Leone,Sub-Saharan Africa ,Sub-Saharan Africa (excluding high income),Low income,IDA,Freetown,-13.2134,8.4821,860.371067874555,61.275,8276807,44.2666343543487,3.876,41.31875229,0.177218098718503,2022,2026-09-18
SLV,SV,El Salvador,Latin America & Caribbean ,Latin America & Caribbean (excluding high income),Upper middle income,IBRD,San Salvador,-89.2073,13.7034,5074.60050994225,71.969,6280319,74.1465021298679,1.785,500.20321655,1.34798885215862,2022,2026-09-18
SMR,SM,San Marino,Europe & Central Asia,,High income,Not classified,San Marino,12.4486,43.9322,54264.5837022908,85.708,33755,97.1141889380465,1.136,3874.98535156,,2022,2026-09-18
SOM,SO,"Somalia, Fed. Rep.",Sub-Saharan Africa ,Sub-Saharan Africa (excluding high income),Low income,IDA,Mogadishu,45.3254,2.07515,573.141165798229,53.931,17801897,53.5010115886789,6.255,16.31684875,0.0467871485830976,2022,2026-09-18
SRB,RS,Serbia,Europe & Central Asia,Europe & Central Asia (excluding high income),Upper middle income,IBRD,Belgrade,20.4656,44.8024,10024.8191112596,75.2365853658537,6664449,61.9013813540396,1.59,843.57733154,,2022,2026-09-18
SSA,ZF,Sub-Saharan Africa (excluding high income),Aggregates,,Aggregates,Aggregates,,,,1863.26040059117,61.855676568586,1228067573,43.15565683019,4.39683111818105,84.8794895814932,0.720678030749454,2022,2026-09-18
SSD,SS,South Sudan,Sub-Saharan Africa ,Sub-Saharan Africa (excluding high income),Low income,IDA,Juba,31.6,4.85,,57.203,11021177,20.7752121046616,3.964,48.03352737,,2022,2026-09-18
SSF,ZG,Sub-Saharan Africa ,Aggregates,,Aggregates,Aggregates,,,,1864.70686111925,61.8569116778883,1228187451,43.1558281440802,4.39663166218222,84.9402456642482,0.721299150949035,2022,2026-09-18
SST,S1,Small states,Aggregates,,Aggregates,Aggregates,,,,13644.5029834497,72.380297225352,19852364,51.5222800598785,2.14851609629362,953.147727709784,4.7676850316056,2022,2026-09-18
STP,ST,Sao Tome and Principe,Sub-Saharan Africa ,Sub-Saharan Africa (excluding high income),Lower middle income,IDA,Sao Tome,6.6071,0.20618,2389.73729784737,69.237,226305,68.3720919798341,3.695,139.02836609,0.62393672256468,2022,2026-09-18
SUR,SR,Suriname,Latin America & Caribbean ,Latin America & Caribbean (excluding high income),Upper middle income,Blend,Paramaribo,-55.1679,5.8232,6084.43876736445,73.254,623164,65.8985443115234,2.274,344.74603271,4.59397526172885,2022,2026-09-18
SVK,SK,Slovak Republic,Europe & Central Asia,,High income,Not classified,Bratislava,17.1073,48.1484,21317.7943982363,76.9658536585366,5431752,53.1902831072528,1.57,1642.39208984,6.11012800289851,2022,2026-09-18
SVN,SI,Slovenia,Europe & Central Asia,,High income,Not classified,Ljubljana,14.5044,46.0546,28360.3041467268,81.2829268292683,2112076,55.3377817873563,1.55,2737.84936523,6.3394025593776,2022,2026-09-18
SWE,SE,Sweden,Europe & Central Asia,,High income,Not classified,Stockholm,18.0645,59.3327,54836.8907235124,83.0585365853659,10486941,88.4038576504809,1.53,6022.39257813,3.59996303974629,2022,2026-09-18
SWZ,SZ,Eswatini,Sub-Saharan Africa ,Sub-Saharan Africa (excluding high income),Lower middle income,Blend,Mbabane,31.4659,-26.5225,3894.1620089869,63.028,1218917,25.396682918542002,2.801,284.75802612,0.883161035575023,2022,2026-09-18
SXM,SX,Sint Maarten (Dutch part),Latin America & Caribbean ,,High income,Not classified,Philipsburg,,,37793.1283815826,76.18,42139,100,1.453,,,2022,2026-09-18
SXZ,A4,Sub-Saharan Africa excluding South Africa,Aggregates,,Aggregates,Aggregates,,,,,,,,,,,2022,2026-09-18
SYC,SC,Seychelles,Sub-Saharan Africa ,,High income,IBRD,Victoria,55.4466,-4.6309,16682.6990711785,74.509756097561,119878,44.9108209981157,2.2,707.34448242,7.02714426333439,2022,2026-09-18
SYR,SY,Syrian Arab Republic,"Middle East, North Africa, Afghanistan & Pakistan","Middle East, North Africa, Afghanistan & Pakistan (excluding high income)",Low income,IDA,Damascus,36.3119,33.5146,1056.78264718197,72.79,22462173,72.6124992370605,2.746,53.26486588,1.38747039300249,2022,2026-09-18
TCA,TC,Turks and Caicos Islands,Latin America & Caribbean ,,High income,Not classified,Grand Turk,-71.141389,21.4602778,31280.5418020808,77.918,45847,93.6922471653237,1.477,,4.8094749929112,2022,2026-09-18
TCD,TD,Chad,Sub-Saharan Africa ,Sub-Saharan Africa (excluding high income),Low income,IDA,N'Djamena,15.0445,12.1048,966.036468278568,54.528,18455316,25.7635558629694,6.215,40.17007446,0.155239823582539,2022,2026-09-18
TEA,T4,East Asia & Pacific (IDA & IBRD countries),Aggregates,,Aggregates,Aggregates,,,,10220.556668162,75.9610347461336,2107261123,60.8301827838521,1.38038247288067,566.052535523033,6.83682797672911,2022,2026-09-18
TEC,T7,Europe & Central Asia (IDA & IBRD countries),Aggregates,,Aggregates,Aggregates,,,,11422.1622613514,74.1883654842503,460942269,68.9112783282391,1.74847147152068,732.6197329168,7.89342522267662,2022,2026-09-18
TGO,TG,Togo,Sub-Saharan Africa ,Sub-Saharan Africa (excluding high income),Lower middle income,IDA,Lome,1.2255,6.1228,1071.61539220759,62.292,8068616,42.7332327975627,4.253183,55.79545593,0.322781503048354,2022,2026-09-18
THA,TH,Thailand,East Asia & Pacific,East Asia & Pacific (excluding high income),Upper middle income,IBRD,Bangkok,100.521,13.7308,6910.00995211206,75.291,71735329,59.742374420166,1.221,369.97647095,3.963374866518,2022,2026-09-18
TJK,TJ,Tajikistan,Europe & Central Asia,Europe & Central Asia (excluding high income),Lower middle income,IDA,Dushanbe,68.7864,38.5878,1052.17949484894,71.562,10182222,26.1957126615618,3.127,78.61326599,0.938950260561987,2022,2026-09-18
TKM,TM,Turkmenistan,Europe & Central Asia,Europe & Central Asia (excluding high income),Upper middle income,IBRD,Ashgabat,58.3794,37.9509,5198.18947409551,69.913,7230193,47.0592103414926,2.728,579.15454102,14.0053384467054,2022,2026-09-18
TLA,T2,Latin America & the Caribbean (IDA & IBRD countries),Aggregates,,Aggregates,Aggregates,,,,9177.79711881332,74.5684293540859,637837815,80.8195255101746,1.82203190749137,731.083036553733,2.64733723885593,2022,2026-09-18
TLS,TL,Timor-Leste,East Asia & Pacific,East Asia & Pacific (excluding high income),Lower middle income,Blend,Dili,125.567,-8.56667,2343.24955542816,67.368,1369295,28.5857292288968,2.801,174.91529846,0.50726833881669,2022,2026-09-18
TMN,T3,"Middle East, North Africa, Afghanistan & Pakistan (IDA & IBRD)",Aggregates,,Aggregates,Aggregates,,,,3017.03706401547,70.965432550888,711465045,51.925275557204,3.11399696821534,135.665737678531,2.73637800434735,2022,2026-09-18
TON,TO,Tonga,East Asia & Pacific,East Asia & Pacific (excluding high income),Upper middle income,IDA,Nuku'alofa,-175.216,-21.136,5298.01942454298,72.635,105042,21.147219451842,3.171,382.79116821,1.53652824584452,2022,2026-09-18
TSA,T5,South Asia (IDA & IBRD),Aggregates,,Aggregates,Aggregates,,,,2326.72890585805,72.0115731308447,1648009565,34.8137520955194,2.01401171309975,79.9919658936364,1.80041151642224,2022,2026-09-18
TSS,T6,Sub-Saharan Africa (IDA & IBRD countries),Aggregates,,Aggregates,Aggregates,,,,1864.70686111924,61.8569116778883,1228187451,43.1558281440802,4.39663166218222,84.9402456642481,0.721299150949035,2022,2026-09-18
TTO,TT,Trinidad and Tobago,Latin America & Caribbean ,,High income,IBRD,Port-of-Spain,-61.4789,10.6596,20750.5202434652,73.331,1365805,53.9474037904998,1.544,1266.28820801,20.8660094230143,2022,2026-09-18
TUN,TN,Tunisia,"Middle East, North Africa, Afghanistan & Pakistan","Middle East, North Africa, Afghanistan & Pakistan (excluding high income)",Lower middle income,IBRD,Tunis,10.21,36.7899,3707.29283414381,76.05,12119334,69.707138648303,1.847,276.46380615,2.50498913554161,2022,2026-09-18
TUR,TR,Turkiye,Europe & Central Asia,Europe & Central Asia (excluding high income),Upper middle income,IBRD,Ankara,32.3606,39.7153,10897.8397861365,77.591,84979913,89.0381164550781,1.63,385.87997437,5.22956172007378,2022,2026-09-18
TUV,TV,Tuvalu,East Asia & Pacific,East Asia & Pacific (excluding high income),Upper middle income,IDA,Funafuti,179.089567,-8.6314877,5414.74642912412,66.852,9992,63.3065768081154,3.244,1300.46679688,0,2022,2026-09-18
TZA,TZ,Tanzania,Sub-Saharan Africa ,Sub-Saharan Africa (excluding high income),Lower middle income,IDA,Dodoma,35.7382,-6.17486,1207.52062988281,66.879,64711821,34.8234736377147,4.671,35.93323135,0.323161976851185,2022,2026-09-18
UGA,UG,Uganda,Sub-Saharan Africa ,Sub-Saharan Africa (excluding high income),Low income,IDA,Kampala,32.5729,0.314269,963.067314117178,67.675,47312719,29.9251969709665,4.388,44.47286224,0.168117583772769,2022,2026-09-18
UKR,UA,Ukraine,Europe & Central Asia,Europe & Central Asia (excluding high income),Upper middle income,IBRD,Kiev,30.5038,50.4536,4199.6708984375,72.658,41048766,69.42345912103,0.897,,2.90739555971061,2022,2026-09-18
UMC,XT,Upper middle income,Aggregates,,Aggregates,Aggregates,,,,,,,,,,,2022,2026-09-18
URY,UY,Uruguay,Latin America & Caribbean ,,High income,IBRD,Montevideo,-56.0675,-34.8941,21009.2883798725,76.468,3390913,95.4977416992188,1.425,1850.80737305,2.38667285182486,2022,2026-09-18
USA,US,United States,North America,,High income,Not classified,Washington D.C.,-77.032,38.8895,78008.6895811877,77.4341463414634,333996304,80.0324978239707,1.6565,12586.19628906,14.4186221294233,2022,2026-09-18
UZB,UZ,Uzbekistan,Europe & Central Asia,Europe & Central Asia (excluding high income),Lower middle income,Blend,Tashkent,69.269,41.3052,2698.60262953369,72.147,34938955,50.9847412109375,3.396,170.64073181,3.68952648984493,2022,2026-09-18
VCT,VC,St. Vincent and the Grenadines,Latin America & Caribbean ,Latin America & Caribbean (excluding high income),Upper middle income,Blend,Kingstown,-61.2653,13.2035,9693.55867833025,71.191,102046,47.585897833353,1.791,437.94085693,1.24551672775023,2022,2026-09-18
VEN,VE,"Venezuela, RB",Latin America & Caribbean ,Latin America & Caribbean (excluding high income),Lower middle income,IBRD,Caracas,-69.8371,9.08165,3155.04190923584,72.566,28213017,89.2132204732836,2.088,208.66654968,3.26104790565291,2022,2026-09-18
VGB,VG,British Virgin Islands,Latin America & Caribbean ,,High income,Not classified,Road Town,-64.623056,18.431389,,77.177,38319,54.795911692548,1.025,,2.30694955505102,2022,2026-09-18
VIR,VI,Virgin Islands (U.S.),Latin America & Caribbean ,,High income,Not classified,Charlotte Amalie,-64.8963,18.3358,44320.909185774,80.319512195122,105413,95.2171514724412,2,,0.00189729919459649,2022,2026-09-18
VNM,VN,Viet Nam,East Asia & Pacific,East Asia & Pacific (excluding high income),Upper middle income,IBRD,Hanoi,105.825,21.0069,4147.69777213621,74.502,99680655,37.5478515625,1.927,188.22650146,3.45101965872917,2022,2026-09-18
VUT,VU,Vanuatu,East Asia & Pacific,East Asia & Pacific (excluding high income),Lower middle income,IDA,Port-Vila,168.321,-17.7404,3679.53524327491,71.302,313046,22.2541249733107,3.647,136.79508972,0.865368028979767,2022,2026-09-18
WLD,1W,World,Aggregates,,Aggregates,Aggregates,,,,12876.2377124072,72.9689585478052,7988550201,57.0722541398634,2.21501840126655,1266.20700430915,4.66789826409203,2022,2026-09-18
WSM,WS,Samoa,East Asia & Pacific,East Asia & Pacific (excluding high income),Upper middle income,IDA,Apia,-171.752,-13.8314,4132.44717734444,71.55,215261,17.5007949951039,3.883,259.95404053,1.54417195869201,2022,2026-09-18
XKX,XK,Kosovo,Europe & Central Asia,Europe & Central Asia (excluding high income),Upper middle income,IDA,Pristina,20.926,42.565,5298.1473871027,77.623,1768096,47.8001996538455,1.555,,,2022,2026-09-18
XZN,A5,Sub-Saharan Africa excluding South Africa and Nigeria,Aggregates,,Aggregates,Aggregates,,,,,,,,,,,2022,2026-09-18
YEM,YE,"Yemen, Rep.","Middle East, North Africa, Afghanistan & Pakistan","Middle East, North Africa, Afghanistan & Pakistan (excluding high income)",Low income,IDA,Sana'a,44.2075,15.352,,67.952,38222876,36.3226310308295,4.593,54.29036331,0.287369793942245,2022,2026-09-18
ZAF,ZA,South Africa,Sub-Saharan Africa ,Sub-Saharan Africa (excluding high income),Upper middle income,IBRD,Pretoria,28.1871,-25.746,6534.24867783397,65.454,62378410,63.4766699210327,2.227,570.48028564,6.88263936192025,2022,2026-09-18
ZMB,ZM,Zambia,Sub-Saharan Africa ,Sub-Saharan Africa (excluding high income),Lower middle income,IDA,Lusaka,28.2937,-15.3982,1447.12310138035,65.279,20152938,44.5988511178469,4.175,75.40128326,0.524548827570452,2022,2026-09-18
ZWE,ZW,Zimbabwe,Sub-Saharan Africa ,Sub-Saharan Africa (excluding high income),Lower middle income,Blend,Harare,31.0672,-17.8312,2536.40197087505,62.36,16069056,38.7055207169041,3.767,68.90727997,0.719220842842293,2022,2026-09-18
